"OWNER","TABLE_NAME","COLUMN_ID","COLUMN_NAME","DATA_TYPE","DATA_LENGTH","DATA_PRECISION","DATA_SCALE","NULLABLE"
"CENTRALSERVICES","ADDRESS",1,"ADDRESSID","NUMBER",22,10,0,"N"
"CENTRALSERVICES","ADDRESS",2,"ADDRESSLINE1","NVARCHAR2",200,,,"Y"
"CENTRALSERVICES","ADDRESS",3,"ADDRESSLINE2","NVARCHAR2",100,,,"Y"
"CENTRALSERVICES","ADDRESS",4,"ADDRESSLINE3","NVARCHAR2",100,,,"Y"
"CENTRALSERVICES","ADDRESS",5,"CITY","NVARCHAR2",56,,,"Y"
"CENTRALSERVICES","ADDRESS",6,"STATE","NVARCHAR2",40,,,"Y"
"CENTRALSERVICES","ADDRESS",7,"ZIP","NVARCHAR2",100,,,"Y"
"CENTRALSERVICES","BILLINGCYCLES",1,"BILLINGCYCLEID","NUMBER",22,10,0,"N"
"CENTRALSERVICES","BILLINGCYCLES",2,"ORGANIZATIONID","NUMBER",22,10,0,"N"
"CENTRALSERVICES","BILLINGCYCLES",3,"NAME","NVARCHAR2",100,,,"N"
"CENTRALSERVICES","BILLINGCYCLES",4,"NOTES","NVARCHAR2",510,,,"Y"
"CENTRALSERVICES","BILLINGCYCLES",5,"TENANTID","NUMBER",22,5,0,"N"
"CENTRALSERVICES","COLLECTORS",1,"COLLECTORID","NUMBER",22,10,0,"N"
"CENTRALSERVICES","COLLECTORS",2,"ORGANIZATIONID","NUMBER",22,10,0,"N"
"CENTRALSERVICES","COLLECTORS",3,"NAME","NVARCHAR2",100,,,"Y"
"CENTRALSERVICES","COLLECTORS",4,"NOTES","NVARCHAR2",510,,,"Y"
"CENTRALSERVICES","COLLECTORS",5,"STATUSCODEID","NUMBER",22,3,0,"N"
"CENTRALSERVICES","COLLECTORS",6,"ARCHIVE","NUMBER",22,1,0,"N"
"CENTRALSERVICES","COLLECTORS",7,"TIMEZONECODE","NUMBER",22,10,0,"Y"
"CENTRALSERVICES","COLLECTORS",8,"CONFIRMEDNAME","NVARCHAR2",100,,,"Y"
"CENTRALSERVICES","COLLECTORS",9,"COLLECTORTYPEID","NUMBER",22,10,0,"N"
"CENTRALSERVICES","COLLECTORS",10,"GPSLOCATIONID","NUMBER",22,10,0,"Y"
"CENTRALSERVICES","COLLECTORS",11,"IPADDRESS","VARCHAR2",50,,,"Y"
"CENTRALSERVICES","COLLECTORS",12,"PORT","NUMBER",22,10,0,"Y"
"CENTRALSERVICES","COLLECTORS",13,"COLLECTORCOMMANDMODELTYPEID","NUMBER",22,3,0,"N"
"CENTRALSERVICES","COLLECTORS",14,"AUTDCOMMANDSPENDING","NUMBER",22,1,0,"N"
"CENTRALSERVICES","COLLECTORS",15,"DIRECTIONS","VARCHAR2",255,,,"Y"
"CENTRALSERVICES","COLLECTORS",16,"COMMUNICATIONTYPEID","NUMBER",22,3,0,"Y"
"CENTRALSERVICES","COLLECTORS",17,"AUTDTIMEOUTSECONDS","NUMBER",22,10,0,"N"
"CENTRALSERVICES","COLLECTORS",18,"ZIPCODE","NVARCHAR2",100,,,"Y"
"CENTRALSERVICES","COLLECTORS",19,"SGMNTGROUPID","NUMBER",22,10,0,"Y"
"CENTRALSERVICES","COLLECTORS",20,"CLTRAPPEDPTID","NUMBER",22,10,0,"Y"
"CENTRALSERVICES","COLLECTORS",21,"CLTRSUBTYPID","NUMBER",22,,,"Y"
"CENTRALSERVICES","COLLECTORS",22,"ISGAP","NUMBER",22,1,0,"N"
"CENTRALSERVICES","COLLECTORS",23,"ONBATTERYBACKUP","NUMBER",22,1,0,"Y"
"CENTRALSERVICES","COLLECTORS",24,"ONBATTERYBACKUPTIMESTAMP","DATE",7,,,"Y"
"CENTRALSERVICES","COLLECTORS",25,"DATEOFMNFCTRRDT","DATE",7,,,"Y"
"CENTRALSERVICES","COLLECTORS",26,"SECIDNTY","VARCHAR2",50,,,"Y"
"CENTRALSERVICES","COLLECTORS",27,"WANPHONENUMBER","VARCHAR2",50,,,"Y"
"CENTRALSERVICES","COLLECTORS",28,"CRBRANCHCODE","NVARCHAR2",100,,,"Y"
"CENTRALSERVICES","COLLECTORS",29,"PLANNUMBER","VARCHAR2",50,,,"Y"
"CENTRALSERVICES","COLLECTORS",30,"THRDPTYSYSIDNTY","VARCHAR2",50,,,"Y"
"CENTRALSERVICES","COLLECTORS",31,"COMMODULEENABLED","NUMBER",22,1,0,"N"
"CENTRALSERVICES","COLLECTORS",32,"LASTCFGCHANGEUTCDTM","TIMESTAMP(6)",11,,6,"Y"
"CENTRALSERVICES","COLLECTORS",33,"TENANTID","NUMBER",22,5,0,"N"
"CENTRALSERVICES","COLLECTORS",34,"ADAPTERSETTINGS","VARCHAR2",255,,,"Y"
"CENTRALSERVICES","COLLECTORS",35,"WISUNENABLED","NUMBER",22,1,0,"Y"
"CENTRALSERVICES","COLLECTORS",36,"BTTRYTSTCPBL","NUMBER",22,1,0,"N"
"CENTRALSERVICES","COLLECTORSTATS",1,"COLLECTORSTATSID","NUMBER",22,10,0,"N"
"CENTRALSERVICES","COLLECTORSTATS",2,"COLLECTORID","NUMBER",22,10,0,"N"
"CENTRALSERVICES","COLLECTORSTATS",3,"STATISTICDATE","DATE",7,,,"N"
"CENTRALSERVICES","COLLECTORSTATS",4,"LASTUPDATEDATE","DATE",7,,,"N"
"CENTRALSERVICES","COLLECTORSTATS",5,"TOTALDEVICES","NUMBER",22,5,0,"Y"
"CENTRALSERVICES","COLLECTORSTATS",6,"TOTALMESSAGES","NUMBER",22,10,0,"Y"
"CENTRALSERVICES","COLLECTORSTATS",7,"PUBLISHEDREADINGS","NUMBER",22,10,0,"Y"
"CENTRALSERVICES","COLLECTORSTATS",8,"EXPECTEDREADINGS","NUMBER",22,10,0,"Y"
"CENTRALSERVICES","COLLECTORSTATS",9,"GAPREADINGS","NUMBER",22,10,0,"Y"
"CENTRALSERVICES","COLLECTORSTATS",10,"TOTALEVENTS","NUMBER",22,10,0,"Y"
"CENTRALSERVICES","COLLECTORSTATS",11,"MAXLAYER","NUMBER",22,3,0,"Y"
"CENTRALSERVICES","COLLECTORSTATS",12,"AVGLAYER","FLOAT",22,126,,"Y"
"CENTRALSERVICES","COLLECTORSTATS",13,"COMMFAILURES","NUMBER",22,5,0,"Y"
"CENTRALSERVICES","COLLECTORSTATS",14,"AVGCOST","NUMBER",22,3,0,"Y"
"CENTRALSERVICES","COLLECTORSTATS",15,"OUTAGESREPORTED","NUMBER",22,5,0,"Y"
"CENTRALSERVICES","COLLECTORSTATS",16,"AVGRESPONSETIMESEC","NUMBER",22,5,0,"Y"
"CENTRALSERVICES","COLLECTORSTATS",17,"BYTESSENTTOCOLLECTOR","NUMBER",22,10,0,"Y"
"CENTRALSERVICES","COLLECTORSTATS",18,"BYTESRECVFROMCOLLECTOR","NUMBER",22,10,0,"Y"
"CENTRALSERVICES","COLLECTORSTATS",19,"DATASCORE","NUMBER",22,3,0,"Y"
"CENTRALSERVICES","COLLECTORSTATS",20,"NETWORKSCORE","NUMBER",22,3,0,"Y"
"CENTRALSERVICES","COLLECTORSTATS",21,"TOTALGOODPACKETS","NUMBER",22,10,0,"Y"
"CENTRALSERVICES","COLLECTORSTATS",22,"TOTAL3DAYGOODPACKETS","NUMBER",22,10,0,"Y"
"CENTRALSERVICES","COLLECTORSTATS",23,"EXPECTEDIDREADINGS","NUMBER",22,10,0,"Y"
"CENTRALSERVICES","COLLECTORSTATS",24,"RECEIVEDIDREADINGS","NUMBER",22,10,0,"Y"
"CENTRALSERVICES","COLLECTORSTATS",25,"METERSWITHLPREADINGGAPS","NUMBER",22,10,0,"Y"
"CENTRALSERVICES","COLLECTORSTATS",26,"TOTALLPREADINGGAPS","NUMBER",22,10,0,"Y"
"CENTRALSERVICES","COLLECTORSTATS",27,"TENANTID","NUMBER",22,10,0,"N"
"CENTRALSERVICES","COMMANDLOG",1,"COMMANDLOGID","NUMBER",22,10,0,"N"
"CENTRALSERVICES","COMMANDLOG",2,"ORGANIZATIONID","NUMBER",22,10,0,"N"
"CENTRALSERVICES","COMMANDLOG",3,"COMMANDID","NUMBER",22,10,0,"Y"
"CENTRALSERVICES","COMMANDLOG",4,"COMMANDTYPEID","NUMBER",22,10,0,"N"
"CENTRALSERVICES","COMMANDLOG",5,"SPUID","NUMBER",22,10,0,"Y"
"CENTRALSERVICES","COMMANDLOG",6,"ADDRESSTYPE","VARCHAR2",1,,,"N"
"CENTRALSERVICES","COMMANDLOG",7,"ENDPOINTID","NUMBER",22,10,0,"Y"
"CENTRALSERVICES","COMMANDLOG",8,"GROUPID","NUMBER",22,10,0,"Y"
"CENTRALSERVICES","COMMANDLOG",9,"REQUESTID","NUMBER",22,3,0,"Y"
"CENTRALSERVICES","COMMANDLOG",10,"PACKETDEFINITIONID","NUMBER",22,10,0,"Y"
"CENTRALSERVICES","COMMANDLOG",11,"COMMAND","VARCHAR2",2000,,,"Y"
"CENTRALSERVICES","COMMANDLOG",12,"PRIORITY","NUMBER",22,3,0,"Y"
"CENTRALSERVICES","COMMANDLOG",13,"ISSUEDBY","NUMBER",22,10,0,"N"
"CENTRALSERVICES","COMMANDLOG",14,"ISSUED","DATE",7,,,"N"
"CENTRALSERVICES","COMMANDLOG",15,"COMMANDCODE","NUMBER",22,3,0,"Y"
"CENTRALSERVICES","COMMANDLOG",16,"OISSUED","NUMBER",22,5,0,"Y"
"CENTRALSERVICES","COMMANDLOG",17,"ISCANCEL","NUMBER",22,1,0,"N"
"CENTRALSERVICES","COMMANDLOG",18,"DOWNSTREAMSENDCOUNT","NUMBER",22,3,0,"Y"
"CENTRALSERVICES","COMMANDLOG",19,"USERCOMMANDTYPEID","NUMBER",22,10,0,"N"
"CENTRALSERVICES","COMMANDLOG",20,"COMMANDLOGCOLLECTIONID","NUMBER",22,10,0,"Y"
"CENTRALSERVICES","COMMANDLOG",21,"CMDBROADCASTPARAMETERID","NUMBER",22,10,0,"Y"
"CENTRALSERVICES","COMMANDLOG",22,"EXPECTEDEPCOUNT","NUMBER",22,10,0,"Y"
"CENTRALSERVICES","COMMANDLOG",23,"NETWORKENCRYPTIONKEYID","NUMBER",22,10,0,"Y"
"CENTRALSERVICES","COMMANDLOG",24,"RFUCMDTTLNCD","NUMBER",22,10,0,"Y"
"CENTRALSERVICES","COMMANDLOG",25,"MAXLANCMDHOPSNCD","NUMBER",22,10,0,"Y"
"CENTRALSERVICES","COMMANDLOG",26,"INTGMSGID","NUMBER",22,10,0,"Y"
"CENTRALSERVICES","COMMANDLOG",27,"CMDISSUERID","NUMBER",22,10,0,"Y"
"CENTRALSERVICES","COMMANDLOG",28,"PARENTCMDLOGCLCTNID","NUMBER",22,10,0,"Y"
"CENTRALSERVICES","COMMANDLOG",29,"PARENTISSUEDDTM","TIMESTAMP(6)",11,,6,"Y"
"CENTRALSERVICES","COMMANDRESPONSE",1,"COMMANDRESPONSEID","NUMBER",22,10,0,"N"
"CENTRALSERVICES","COMMANDRESPONSE",2,"STATUSCODEID","NUMBER",22,10,0,"N"
"CENTRALSERVICES","COMMANDRESPONSE",3,"RESPONSE","CLOB",4000,,,"Y"
"CENTRALSERVICES","COMMANDRESPONSE",4,"RESPONSEDATETIME","TIMESTAMP(6)",11,,6,"Y"
"CENTRALSERVICES","COMMANDRESPONSE",5,"COMMANDLOGID","NUMBER",22,10,0,"N"
"CENTRALSERVICES","COMMANDRESPONSE",6,"ENDPOINTID","NUMBER",22,10,0,"Y"
"CENTRALSERVICES","COMMANDRESPONSE",7,"LOGDTTM","DATE",7,,,"N"
"CENTRALSERVICES","COMMANDRESPONSE",8,"COLLECTORID","NUMBER",22,10,0,"Y"
"CENTRALSERVICES","COMMANDRESPONSE",9,"READINGDATE","DATE",7,,,"Y"
"CENTRALSERVICES","COMMANDSSENT",1,"COMMANDSENTID","NUMBER",22,10,0,"N"
"CENTRALSERVICES","COMMANDSSENT",2,"SPUID","NUMBER",22,10,0,"N"
"CENTRALSERVICES","COMMANDSSENT",3,"SENT","TIMESTAMP(6)",11,,6,"Y"
"CENTRALSERVICES","COMMANDSSENT",4,"COMMANDLOGID","NUMBER",22,10,0,"N"
"CENTRALSERVICES","COMMANDSSENT",5,"COMPLETED","TIMESTAMP(6)",11,,6,"Y"
"CENTRALSERVICES","COMMANDSSENT",6,"OCOMPLETED","NUMBER",22,5,0,"Y"
"CENTRALSERVICES","COMMANDSSENT",7,"COMMANDSTATUSCODEID","NUMBER",22,3,0,"N"
"CENTRALSERVICES","COMMANDSSENT",8,"SENTCOUNT","NUMBER",22,5,0,"N"
"CENTRALSERVICES","COMMANDSSENT",9,"LOGDTTM","DATE",7,,,"N"
"CENTRALSERVICES","COMMANDSSENT",10,"PACKETCONTENTS","RAW",2000,,,"Y"
"CENTRALSERVICES","COMMANDSSENT",11,"DOWNSTREAMSENDCOUNT","NUMBER",22,,,"Y"
"CENTRALSERVICES","COMMANDSSENT",12,"COMMANDID","NUMBER",22,10,0,"Y"
"CENTRALSERVICES","COMMANDSSENT",13,"ENDPOINTID","NUMBER",22,10,0,"Y"
"CENTRALSERVICES","COMMANDSSENT",14,"METERNO","VARCHAR2",20,,,"Y"
"CENTRALSERVICES","COMMANDSSENT",15,"RTRYCNT","NUMBER",22,3,0,"Y"
"CENTRALSERVICES","COMMANDSSENT",16,"CMDPARAMS","VARCHAR2",2000,,,"Y"
"CENTRALSERVICES","COMMANDSSENT",17,"INFRASTRUCTUREROUTINGFLG","NUMBER",22,1,0,"Y"
"CENTRALSERVICES","COMMANDSTATUSCODES",1,"COMMANDSTATUSCODEID","NUMBER",22,3,0,"N"
"CENTRALSERVICES","COMMANDSTATUSCODES",2,"NAME","VARCHAR2",16,,,"N"
"CENTRALSERVICES","COMMANDSTATUSCODES",3,"DISPLAYNAME","VARCHAR2",16,,,"N"
"CENTRALSERVICES","COMMANDSTATUSCODES",4,"DESCRIPTION","VARCHAR2",100,,,"N"
"CENTRALSERVICES","COMMANDTYPES",1,"COMMANDTYPEID","NUMBER",22,10,0,"N"
"CENTRALSERVICES","COMMANDTYPES",2,"NAME","VARCHAR2",50,,,"Y"
"CENTRALSERVICES","COMMANDTYPES",3,"NOTES","VARCHAR2",255,,,"Y"
"CENTRALSERVICES","COMMANDTYPES",4,"PRIORITY","NUMBER",22,10,0,"Y"
"CENTRALSERVICES","COMMANDTYPES",5,"SOURCE","VARCHAR2",10,,,"Y"
"CENTRALSERVICES","COMMANDTYPES",6,"DEST","VARCHAR2",10,,,"Y"
"CENTRALSERVICES","COMMANDTYPES",7,"ADMIN","NUMBER",22,1,0,"Y"
"CENTRALSERVICES","COMMANDTYPES",8,"ENDPOINT","NUMBER",22,1,0,"Y"
"CENTRALSERVICES","COMMANDTYPES",9,"GRP","NUMBER",22,1,0,"Y"
"CENTRALSERVICES","COMMANDTYPES",10,"PARAMETERS","VARCHAR2",255,,,"Y"
"CENTRALSERVICES","COMMANDTYPES",11,"RPARAMETERS","VARCHAR2",255,,,"Y"
"CENTRALSERVICES","COMMANDTYPES",12,"SCRTYFUNCTNID","NUMBER",22,4,0,"Y"
"CENTRALSERVICES","COMMANDTYPES",13,"EXTRNLINTGRTNFLG","NUMBER",22,1,0,"Y"
"CENTRALSERVICES","COMMANDTYPES",14,"ISBCKGRNDCMD","NUMBER",22,1,0,"N"
"CENTRALSERVICES","COMMANDTYPES",15,"ISSCHEDULEDCMD","NUMBER",22,1,0,"N"
"CENTRALSERVICES","DATABASE_MAINT_ARCHIVE",1,"TRANSACTION_ID","NUMBER",22,,,"Y"
"CENTRALSERVICES","DATABASE_MAINT_ARCHIVE",2,"TRANSACTION_TYPE","CHAR",1,,,"Y"
"CENTRALSERVICES","DATABASE_MAINT_ARCHIVE",3,"INSERT_TIME","DATE",7,,,"Y"
"CENTRALSERVICES","DATABASE_MAINT_ARCHIVE",4,"ERROR_FLAG","CHAR",1,,,"Y"
"CENTRALSERVICES","DATABASE_MAINT_ARCHIVE",5,"CELLNET_METER","CHAR",1,,,"Y"
"CENTRALSERVICES","DATABASE_MAINT_ARCHIVE",6,"DEMAND_RESET","DATE",7,,,"Y"
"CENTRALSERVICES","DATABASE_MAINT_ARCHIVE",7,"METER_ID","VARCHAR2",20,,,"Y"
"CENTRALSERVICES","DATABASE_MAINT_ARCHIVE",8,"UTILITY","VARCHAR2",10,,,"Y"
"CENTRALSERVICES","DATABASE_MAINT_ARCHIVE",9,"UTILITY_ID","VARCHAR2",25,,,"Y"
"CENTRALSERVICES","DATABASE_MAINT_ARCHIVE",10,"SERVICE_TYPE","CHAR",1,,,"Y"
"CENTRALSERVICES","DATABASE_MAINT_ARCHIVE",11,"CN_RATE","VARCHAR2",10,,,"Y"
"CENTRALSERVICES","DATABASE_MAINT_ARCHIVE",12,"ELECTRICAL_ID","VARCHAR2",20,,,"Y"
"CENTRALSERVICES","DATABASE_MAINT_ARCHIVE",13,"MULTIPLIER","NUMBER",22,7,0,"Y"
"CENTRALSERVICES","DATABASE_MAINT_ARCHIVE",14,"DEMAND_INTERVAL","NUMBER",22,2,0,"Y"
"CENTRALSERVICES","DATABASE_MAINT_ARCHIVE",15,"DEMAND_SUB_INTERVAL","NUMBER",22,2,0,"Y"
"CENTRALSERVICES","DATABASE_MAINT_ARCHIVE",16,"LOAD_PROFILE","CHAR",1,,,"Y"
"CENTRALSERVICES","DATABASE_MAINT_ARCHIVE",17,"LP_INTERVAL","NUMBER",22,2,0,"Y"
"CENTRALSERVICES","DATABASE_MAINT_ARCHIVE",18,"LP_FREQUENCY","VARCHAR2",1,,,"Y"
"CENTRALSERVICES","DATABASE_MAINT_ARCHIVE",19,"TOU_RATE","VARCHAR2",20,,,"Y"
"CENTRALSERVICES","DATABASE_MAINT_ARCHIVE",20,"LOGICAL_DISC","CHAR",1,,,"Y"
"CENTRALSERVICES","DATABASE_MAINT_ARCHIVE",21,"CUM_THRESHOLD","NUMBER",22,8,0,"Y"
"CENTRALSERVICES","DATABASE_MAINT_ARCHIVE",22,"DEM_THRESHOLD","NUMBER",22,6,3,"Y"
"CENTRALSERVICES","DATABASE_MAINT_ARCHIVE",23,"USAGE_STATUS","VARCHAR2",10,,,"Y"
"CENTRALSERVICES","DATABASE_MAINT_ARCHIVE",24,"POWER_STATUS","VARCHAR2",10,,,"Y"
"CENTRALSERVICES","DATABASE_MAINT_ARCHIVE",25,"ROUTE_ID","VARCHAR2",12,,,"Y"
"CENTRALSERVICES","DATABASE_MAINT_ARCHIVE",26,"READ_SEQUENCE","NUMBER",22,6,0,"Y"
"CENTRALSERVICES","DATABASE_MAINT_ARCHIVE",27,"ADDRESS","VARCHAR2",40,,,"Y"
"CENTRALSERVICES","DATABASE_MAINT_ARCHIVE",28,"ADDRESS_OVER","VARCHAR2",40,,,"Y"
"CENTRALSERVICES","DATABASE_MAINT_ARCHIVE",29,"CITY_ST_ZIP","VARCHAR2",40,,,"Y"
"CENTRALSERVICES","DATABASE_MAINT_ARCHIVE",30,"ZIP","VARCHAR2",15,,,"Y"
"CENTRALSERVICES","DATABASE_MAINT_ARCHIVE",31,"CUSTOMER_NAME_1","VARCHAR2",40,,,"Y"
"CENTRALSERVICES","DATABASE_MAINT_ARCHIVE",32,"CUSTOMER_NAME_2","VARCHAR2",40,,,"Y"
"CENTRALSERVICES","DATABASE_MAINT_ARCHIVE",33,"CUST_TEL","VARCHAR2",20,,,"Y"
"CENTRALSERVICES","DATABASE_MAINT_ARCHIVE",34,"PREMISE_CODE","VARCHAR2",10,,,"Y"
"CENTRALSERVICES","DATABASE_MAINT_ARCHIVE",35,"UTIL_LOCATION","VARCHAR2",10,,,"Y"
"CENTRALSERVICES","DATABASE_MAINT_ARCHIVE",36,"CN_LOCATION","VARCHAR2",4,,,"Y"
"CENTRALSERVICES","DATABASE_MAINT_ARCHIVE",37,"READ_INSTR","VARCHAR2",10,,,"Y"
"CENTRALSERVICES","DATABASE_MAINT_ARCHIVE",38,"SPECIAL_INSTR_1","VARCHAR2",40,,,"Y"
"CENTRALSERVICES","DATABASE_MAINT_ARCHIVE",39,"SPECIAL_INSTR_2","VARCHAR2",40,,,"Y"
"CENTRALSERVICES","DATABASE_MAINT_ARCHIVE",40,"SPECIAL_INSTR_3","VARCHAR2",40,,,"Y"
"CENTRALSERVICES","DATABASE_MAINT_ARCHIVE",41,"SPECIAL_INSTR_4","VARCHAR2",40,,,"Y"
"CENTRALSERVICES","DATABASE_MAINT_ARCHIVE",42,"KEY_NEEDED","CHAR",1,,,"Y"
"CENTRALSERVICES","DATABASE_MAINT_ARCHIVE",43,"LIFE_SUPPORT","CHAR",1,,,"Y"
"CENTRALSERVICES","DATABASE_MAINT_ARCHIVE",44,"INSTALL_TIME","DATE",7,,,"Y"
"CENTRALSERVICES","DATABASE_MAINT_ARCHIVE",45,"TIME_ZONE","CHAR",3,,,"Y"
"CENTRALSERVICES","DATABASE_MAINT_ARCHIVE",46,"UTIL_EXTRA_1","VARCHAR2",25,,,"Y"
"CENTRALSERVICES","DATABASE_MAINT_ARCHIVE",47,"UTIL_EXTRA_2","VARCHAR2",25,,,"Y"
"CENTRALSERVICES","DATABASE_MAINT_ARCHIVE",48,"UTIL_EXTRA_3","VARCHAR2",25,,,"Y"
"CENTRALSERVICES","DATABASE_MAINT_ARCHIVE",49,"UTIL_EXTRA_4","VARCHAR2",25,,,"Y"
"CENTRALSERVICES","DATABASE_MAINT_ARCHIVE",50,"UTIL_EXTRA_5","VARCHAR2",25,,,"Y"
"CENTRALSERVICES","DATABASE_MAINT_ARCHIVE",51,"UTIL_EXTRA_6","VARCHAR2",25,,,"Y"
"CENTRALSERVICES","DATABASE_MAINT_ARCHIVE",52,"UTIL_EXTRA_7","VARCHAR2",25,,,"Y"
"CENTRALSERVICES","DATABASE_MAINT_ARCHIVE",53,"UTIL_EXTRA_8","VARCHAR2",25,,,"Y"
"CENTRALSERVICES","DATABASE_MAINT_ARCHIVE",54,"UTIL_EXTRA_9","VARCHAR2",25,,,"Y"
"CENTRALSERVICES","DATABASE_MAINT_ARCHIVE",55,"UTIL_EXTRA_10","VARCHAR2",25,,,"Y"
"CENTRALSERVICES","DATABASE_MAINT_ARCHIVE",56,"FIELD_COLLECT_1","VARCHAR2",10,,,"Y"
"CENTRALSERVICES","DATABASE_MAINT_ARCHIVE",57,"FIELD_COLLECT_2","VARCHAR2",10,,,"Y"
"CENTRALSERVICES","DATABASE_MAINT_ARCHIVE",58,"FIELD_COLLECT_3","VARCHAR2",10,,,"Y"
"CENTRALSERVICES","DATABASE_MAINT_ARCHIVE",59,"FIELD_COLLECT_4","VARCHAR2",10,,,"Y"
"CENTRALSERVICES","DATABASE_MAINT_ARCHIVE",60,"METER_FORM","NUMBER",22,2,0,"Y"
"CENTRALSERVICES","DATABASE_MAINT_ARCHIVE",61,"METER_BASE","CHAR",1,,,"Y"
"CENTRALSERVICES","DATABASE_MAINT_ARCHIVE",62,"SERVICE_VOLTAGE","NUMBER",22,3,0,"Y"
"CENTRALSERVICES","DATABASE_MAINT_ARCHIVE",63,"METER_TEST_AMPS","NUMBER",22,3,1,"Y"
"CENTRALSERVICES","DATABASE_MAINT_ARCHIVE",64,"UTIL_SCALING_CONST","NUMBER",22,16,10,"Y"
"CENTRALSERVICES","DATABASE_MAINT_ARCHIVE",65,"METER_RR","VARCHAR2",10,,,"Y"
"CENTRALSERVICES","DATABASE_MAINT_ARCHIVE",66,"METER_PHASE","NUMBER",22,1,0,"Y"
"CENTRALSERVICES","DATABASE_MAINT_ARCHIVE",67,"METER_WIRES","NUMBER",22,1,0,"Y"
"CENTRALSERVICES","DATABASE_MAINT_ARCHIVE",68,"METER_CLASS","NUMBER",22,3,0,"Y"
"CENTRALSERVICES","DATABASE_MAINT_ARCHIVE",69,"METER_MFG","VARCHAR2",10,,,"Y"
"CENTRALSERVICES","DATABASE_MAINT_ARCHIVE",70,"METER_MODEL","VARCHAR2",10,,,"Y"
"CENTRALSERVICES","DATABASE_MAINT_ARCHIVE",71,"METER_DIALS","NUMBER",22,1,0,"Y"
"CENTRALSERVICES","DATABASE_MAINT_ARCHIVE",72,"AEP_TEST_CODE","CHAR",2,,,"Y"
"CENTRALSERVICES","DATABASE_MAINT_ARCHIVE",73,"METER_CODE","VARCHAR2",10,,,"Y"
"CENTRALSERVICES","DATABASE_MAINT_ARCHIVE",74,"METER_KYZ","CHAR",1,,,"Y"
"CENTRALSERVICES","DATABASE_MAINT_ARCHIVE",75,"METER_PULSES_ROT","NUMBER",22,2,0,"Y"
"CENTRALSERVICES","DATABASE_MAINT_ARCHIVE",76,"METER_ELECTRONIC","CHAR",1,,,"Y"
"CENTRALSERVICES","DATABASE_MAINT_ARCHIVE",77,"METER_DELTA_WYE","CHAR",1,,,"Y"
"CENTRALSERVICES","DATABASE_MAINT_ARCHIVE",78,"POWER_OVER_UNDER","CHAR",1,,,"Y"
"CENTRALSERVICES","DATABASE_MAINT_ARCHIVE",79,"APPT_TIME","DATE",7,,,"Y"
"CENTRALSERVICES","DATABASE_MAINT_ARCHIVE",80,"CAPACITY_CODE","NUMBER",22,6,0,"Y"
"CENTRALSERVICES","DATABASE_MAINT_ARCHIVE",81,"METERING_TECHNIQUE_CODE","CHAR",1,,,"Y"
"CENTRALSERVICES","DATABASE_MAINT_ARCHIVE",82,"CASING_CODE","CHAR",1,,,"Y"
"CENTRALSERVICES","DATABASE_MAINT_ARCHIVE",83,"PURCHASE_YEAR","NUMBER",22,4,0,"Y"
"CENTRALSERVICES","DATABASE_MAINT_ARCHIVE",84,"DELIVERY_PRESSURE","NUMBER",22,5,2,"Y"
"CENTRALSERVICES","DATABASE_MAINT_ARCHIVE",85,"DELIVERY_PRESSURE_UNITS","VARCHAR2",3,,,"Y"
"CENTRALSERVICES","DATABASE_MAINT_ARCHIVE",86,"TEMP_COMP_INDEX","CHAR",1,,,"Y"
"CENTRALSERVICES","DATABASE_MAINT_ARCHIVE",87,"METER_PRESSURE","NUMBER",22,5,2,"Y"
"CENTRALSERVICES","DATABASE_MAINT_ARCHIVE",88,"METER_PRESSURE_UNITS","VARCHAR2",3,,,"Y"
"CENTRALSERVICES","DATABASE_MAINT_ARCHIVE",89,"CORRECTION_FACTOR","NUMBER",22,5,3,"Y"
"CENTRALSERVICES","DATABASE_MAINT_ARCHIVE",90,"NEW_UTILITY_ID","VARCHAR2",25,,,"Y"
"CENTRALSERVICES","DATABASE_MAINT_ARCHIVE",91,"DEVICE_ID","VARCHAR2",20,,,"Y"
"CENTRALSERVICES","DATABASE_MAINT_ARCHIVE",92,"ENCODER_ID","VARCHAR2",20,,,"Y"
"CENTRALSERVICES","DATABASE_MAINT_ARCHIVE",93,"METER_SIZE","VARCHAR2",10,,,"Y"
"CENTRALSERVICES","DATABASE_MAINT_ARCHIVE",94,"COLLAR_DEVICE_TYPE","VARCHAR2",10,,,"Y"
"CENTRALSERVICES","DATABASE_MAINT_ARCHIVE",95,"WANLAN_ADDRESS","VARCHAR2",20,,,"Y"
"CENTRALSERVICES","DATABASE_MAINT_ARCHIVE",96,"VIRTUAL_METER_ID","VARCHAR2",20,,,"Y"
"CENTRALSERVICES","DATABASE_MAINT_ARCHIVE",97,"PROCESS_PENDING","CHAR",1,,,"Y"
"CENTRALSERVICES","DATABASE_MAINT_ARCHIVE",98,"PRIMARY_UOM","VARCHAR2",10,,,"Y"
"CENTRALSERVICES","DATABASE_MAINT_ARCHIVE",99,"PRESSURE_COMPENSATED_INDEX","CHAR",1,,,"Y"
"CENTRALSERVICES","DATABASE_MAINT_ARCHIVE",100,"PAC_METER_FLAG","CHAR",1,,,"Y"
"CENTRALSERVICES","DATABASE_MAINT_ARCHIVE",101,"GPS_LONG","NUMBER",22,9,6,"Y"
"CENTRALSERVICES","DATABASE_MAINT_ARCHIVE",102,"GPS_LAT","NUMBER",22,9,6,"Y"
"CENTRALSERVICES","DATABASE_MAINT_ARCHIVE",103,"COLOR","NUMBER",22,2,0,"Y"
"CENTRALSERVICES","DATABASE_MAINT_ARCHIVE",104,"COLLAR_WANLAN_ADDRESS","VARCHAR2",20,,,"Y"
"CENTRALSERVICES","DATABASE_MAINT_ARCHIVE",105,"COLLAR_STATUS","CHAR",1,,,"Y"
"CENTRALSERVICES","DATABASE_MAINT_ARCHIVE",106,"COLLAR_SERIAL_NUMBER","VARCHAR2",20,,,"Y"
"CENTRALSERVICES","DATABASE_MAINT_ARCHIVE",107,"COLLAR_MFG_CODE","VARCHAR2",10,,,"Y"
"CENTRALSERVICES","DATABASE_MAINT_ARCHIVE",108,"BILLING_CYCLE","VARCHAR2",3,,,"Y"
"CENTRALSERVICES","DATABASE_MAINT_ARCHIVE",109,"METER_TYPE","VARCHAR2",20,,,"Y"
"CENTRALSERVICES","DATABASE_MAINT_ARCHIVE",110,"ENABLE_ROUTING","CHAR",1,,,"Y"
"CENTRALSERVICES","DATABASE_MAINT_ARCHIVE",111,"PASSWORD_FILENAME","VARCHAR2",30,,,"Y"
"CENTRALSERVICES","DATABASE_MAINT_ARCHIVE",112,"ENCRYPTION_FILENAME","VARCHAR2",30,,,"Y"
"CENTRALSERVICES","DATABASE_MAINT_ARCHIVE",113,"HILOW_MIN_PERCENT","NUMBER",22,3,0,"Y"
"CENTRALSERVICES","DATABASE_MAINT_ARCHIVE",114,"HILOW_MAX_PERCENT","NUMBER",22,3,0,"Y"
"CENTRALSERVICES","DATABASE_MAINT_ARCHIVE",115,"DISCONNECT_SWITCH_STATUS","CHAR",1,,,"Y"
"CENTRALSERVICES","DATABASE_MAINT_ARCHIVE",116,"INSTALL_UTILINET_METER","CHAR",1,,,"Y"
"CENTRALSERVICES","DATABASE_MAINT_ARCHIVE",117,"BATCH_ID","NUMBER",22,,,"Y"
"CENTRALSERVICES","DATADEFINITIONS",1,"DATADEFINITIONID","NUMBER",22,10,0,"N"
"CENTRALSERVICES","DATADEFINITIONS",2,"NAME","VARCHAR2",255,,,"Y"
"CENTRALSERVICES","DATADEFINITIONS",3,"BITS","NUMBER",22,10,0,"Y"
"CENTRALSERVICES","DATADEFINITIONS",4,"ENDPOINTDATATYPEID","NUMBER",22,10,0,"N"
"CENTRALSERVICES","DATADEFINITIONS",5,"MINVALUE","NUMBER",22,10,0,"Y"
"CENTRALSERVICES","DATADEFINITIONS",6,"MAXVALUE","NUMBER",22,10,0,"Y"
"CENTRALSERVICES","DATADEFINITIONS",7,"SCALEFACTOR","NUMBER",22,10,0,"Y"
"CENTRALSERVICES","DATADEFINITIONS",8,"NOTES","CLOB",4000,,,"Y"
"CENTRALSERVICES","DATADEFINITIONS",9,"PROCESSINGRULE","NUMBER",22,10,0,"N"
"CENTRALSERVICES","DATADEFINITIONS",10,"DATASIZEGROUPID","NUMBER",22,10,0,"Y"
"CENTRALSERVICES","DATADEFINITIONS",11,"ISPUBLIC","NUMBER",22,1,0,"N"
"CENTRALSERVICES","DATADEFINITIONS",12,"TOU","NUMBER",22,1,0,"N"
"CENTRALSERVICES","DATADEFINITIONS",13,"SHORTNAME","VARCHAR2",50,,,"Y"
"CENTRALSERVICES","DATADEFINITIONS",14,"DBCOLUMN","VARCHAR2",50,,,"Y"
"CENTRALSERVICES","DATADEFINITIONS",15,"ISDIAGNOSTIC","NUMBER",22,1,0,"N"
"CENTRALSERVICES","DATADEFINITIONS",16,"READINGSTABLEID","NUMBER",22,10,0,"Y"
"CENTRALSERVICES","DATADEFINITIONS",17,"MAXBITSCORRECTED","NUMBER",22,3,0,"N"
"CENTRALSERVICES","DATADEFINITIONS",18,"MULTIUTILITY","NUMBER",22,1,0,"N"
"CENTRALSERVICES","DATADEFINITIONS",19,"UNITID","NUMBER",22,10,0,"Y"
"CENTRALSERVICES","DATADEFINITIONS",20,"ISCUMULATIVE","NUMBER",22,1,0,"N"
"CENTRALSERVICES","DATADEFINITIONS",21,"HISTORYORDER","NUMBER",22,10,0,"Y"
"CENTRALSERVICES","DATADEFINITIONS",22,"ISPREVIOUS","NUMBER",22,1,0,"N"
"CENTRALSERVICES","DATADEFINITIONS",23,"DATETIMEID","NUMBER",22,10,0,"Y"
"CENTRALSERVICES","DATADEFINITIONS",24,"DXDATADEFINITIONID","NUMBER",22,10,0,"Y"
"CENTRALSERVICES","DATADEFINITIONS",25,"SUPPORTEDEPMODELS","NUMBER",22,10,0,"Y"
"CENTRALSERVICES","DATADEFINITIONS",26,"ISRFMESHREGISTER","NUMBER",22,1,0,"N"
"CENTRALSERVICES","DATADEFINITIONS",27,"METRICSOURCEID","NUMBER",22,5,0,"Y"
"CENTRALSERVICES","DATADEFINITIONS",28,"METRICCATEGORYID","NUMBER",22,3,0,"Y"
"CENTRALSERVICES","DATADEFINITIONS",29,"AGGREGATIONTYPEID","NUMBER",22,3,0,"Y"
"CENTRALSERVICES","DATADEFINITIONS",30,"RATE","NUMBER",22,3,0,"Y"
"CENTRALSERVICES","DATADEFINITIONS",31,"NUMBEROFOCCURRENCE","NUMBER",22,3,0,"Y"
"CENTRALSERVICES","DATADEFINITIONS",32,"METRICDEMANDTYPEID","NUMBER",22,10,0,"Y"
"CENTRALSERVICES","DATADEFINITIONS",33,"COINCDMDASSOCSOURCEID","NUMBER",22,5,0,"Y"
"CENTRALSERVICES","DATADEFINITIONS",34,"RESXKEYNM","VARCHAR2",50,,,"Y"
"CENTRALSERVICES","DATADEFINITIONS",35,"ISROLLOVERSUPPORTED","NUMBER",22,1,0,"N"
"CENTRALSERVICES","ENDPOINTDEPLOYMENTSTATISTICS",1,"ENDPOINTID","NUMBER",22,10,0,"N"
"CENTRALSERVICES","ENDPOINTDEPLOYMENTSTATISTICS",2,"INITIALINSTALLDATE","DATE",7,,,"Y"
"CENTRALSERVICES","ENDPOINTDEPLOYMENTSTATISTICS",3,"LASTINSTALLDATE","DATE",7,,,"Y"
"CENTRALSERVICES","ENDPOINTDEPLOYMENTSTATISTICS",4,"INITIALDISCOVEREDDATE","DATE",7,,,"Y"
"CENTRALSERVICES","ENDPOINTDEPLOYMENTSTATISTICS",5,"LASTDISCOVEREDDATE","DATE",7,,,"Y"
"CENTRALSERVICES","ENDPOINTDEPLOYMENTSTATISTICS",6,"INITIALNORMALDATE","DATE",7,,,"Y"
"CENTRALSERVICES","ENDPOINTDEPLOYMENTSTATISTICS",7,"LASTNORMALDATE","DATE",7,,,"Y"
"CENTRALSERVICES","ENDPOINTDEPLOYMENTSTATISTICS",8,"INITIALRFREGDATE","DATE",7,,,"Y"
"CENTRALSERVICES","ENDPOINTDEPLOYMENTSTATISTICS",9,"LASTRFREGDATE","DATE",7,,,"Y"
"CENTRALSERVICES","ENDPOINTDEPLOYMENTSTATISTICS",10,"INITIALINITPUSHDATE","DATE",7,,,"Y"
"CENTRALSERVICES","ENDPOINTDEPLOYMENTSTATISTICS",11,"LASTINITPUSHDATE","DATE",7,,,"Y"
"CENTRALSERVICES","ENDPOINTDEPLOYMENTSTATISTICS",12,"INITIALSETWANRESPONSEDATE","DATE",7,,,"Y"
"CENTRALSERVICES","ENDPOINTDEPLOYMENTSTATISTICS",13,"LASTSETWANRESPONSEDATE","DATE",7,,,"Y"
"CENTRALSERVICES","ENDPOINTDEPLOYMENTSTATISTICS",14,"ENDPOINTREMOVALDATE","DATE",7,,,"Y"
"CENTRALSERVICES","ENDPOINTGROUPASSOC",1,"ENDPOINTID","NUMBER",22,10,0,"N"
"CENTRALSERVICES","ENDPOINTGROUPASSOC",2,"GROUPID","NUMBER",22,10,0,"N"
"CENTRALSERVICES","ENDPOINTGROUPASSOC",3,"CREATION","TIMESTAMP(6)",11,,6,"N"
"CENTRALSERVICES","ENDPOINTGROUPASSOC",4,"SLOTNUMBER","NUMBER",22,3,0,"N"
"CENTRALSERVICES","ENDPOINTMETERCONFIGURATION",1,"ENDPOINTID","NUMBER",22,10,0,"N"
"CENTRALSERVICES","ENDPOINTMETERCONFIGURATION",2,"METERPROGRAMID","NUMBER",22,10,0,"N"
"CENTRALSERVICES","ENDPOINTMETERCONFIGURATION",3,"METERPROGRAMFACTORID","NUMBER",22,10,0,"N"
"CENTRALSERVICES","ENDPOINTMETERCONFIGURATION",4,"METERCONFIGURATIONID","NUMBER",22,10,0,"N"
"CENTRALSERVICES","ENDPOINTMODELS",1,"ENDPOINTMODELID","NUMBER",22,10,0,"N"
"CENTRALSERVICES","ENDPOINTMODELS",2,"ENDPOINTTYPEID","NUMBER",22,3,0,"N"
"CENTRALSERVICES","ENDPOINTMODELS",3,"NAME","VARCHAR2",50,,,"N"
"CENTRALSERVICES","ENDPOINTMODELS",4,"ENDPOINTMODELFAMILYID","NUMBER",22,10,0,"Y"
"CENTRALSERVICES","ENDPOINTMODELS",5,"MULTIUTILITYCAPABLE","NUMBER",22,1,0,"N"
"CENTRALSERVICES","ENDPOINTMODELS",6,"BASEREADINGSTABLEID","NUMBER",22,10,0,"Y"
"CENTRALSERVICES","ENDPOINTMODELS",7,"DATAEXTRACTFAMILYID","NUMBER",22,10,0,"Y"
"CENTRALSERVICES","ENDPOINTMODELS",8,"DEFAULTFIRMWAREID","NUMBER",22,5,0,"Y"
"CENTRALSERVICES","ENDPOINTMODELS",9,"CARRIERTECHNOLOGYTYPEID","NUMBER",22,3,0,"N"
"CENTRALSERVICES","ENDPOINTMODELS",10,"SERIALNUMBERGROUPID","NUMBER",22,3,0,"N"
"CENTRALSERVICES","ENDPOINTMODELS",11,"SETYEARCAPABLE","NUMBER",22,1,0,"N"
"CENTRALSERVICES","ENDPOINTMODELS",12,"RSSCAPABLE","NUMBER",22,1,0,"N"
"CENTRALSERVICES","ENDPOINTMODELS",13,"SUSOURCEID","NUMBER",22,10,0,"Y"
"CENTRALSERVICES","ENDPOINTMODELS",14,"ENABLEROUTING","NUMBER",22,1,0,"Y"
"CENTRALSERVICES","ENDPOINTMODELS",15,"FIRMWAREPLATFORMID","NUMBER",22,5,0,"Y"
"CENTRALSERVICES","ENDPOINTMODELS",16,"MINORHARDWAREVERSION","NUMBER",22,3,0,"Y"
"CENTRALSERVICES","ENDPOINTMODELS",17,"HANCPBLFLG","NUMBER",22,1,0,"Y"
"CENTRALSERVICES","ENDPOINTMODELS",18,"EXCLDEDPTFLG","NUMBER",22,3,0,"N"
"CENTRALSERVICES","ENDPOINTMODELS",19,"HIGHSPEEDCPBLFLG","NUMBER",22,1,0,"N"
"CENTRALSERVICES","ENDPOINTMODELS",20,"BTTRYENABLEFLG","NUMBER",22,1,0,"Y"
"CENTRALSERVICES","ENDPOINTMODELS",21,"SOFTID","NUMBER",22,10,0,"Y"
"CENTRALSERVICES","ENDPOINTMODELS",22,"RESOURCEKEY","VARCHAR2",50,,,"Y"
"CENTRALSERVICES","ENDPOINTMODELS",23,"ISMTRFWDNLDFLG","NUMBER",22,1,0,"N"
"CENTRALSERVICES","ENDPOINTMODELS",24,"ISUTCSETFLG","NUMBER",22,1,0,"N"
"CENTRALSERVICES","ENDPOINTMODELS",25,"ISANZDEVICEFLG","NUMBER",22,1,0,"N"
"CENTRALSERVICES","ENDPOINTMODELS",26,"SHOULDCALCLSVFLG","NUMBER",22,1,0,"N"
"CENTRALSERVICES","ENDPOINTMODELS",27,"ISBIGENDIANFLG","NUMBER",22,1,0,"Y"
"CENTRALSERVICES","ENDPOINTMODELS",28,"CANREADVOLTAGEFLG","NUMBER",22,1,0,"N"
"CENTRALSERVICES","ENDPOINTMODELS",29,"RFPOWERFORMATNUM","NUMBER",22,1,0,"N"
"CENTRALSERVICES","ENDPOINTMODELS",30,"ISMTRCFGCRCFLG","NUMBER",22,1,0,"N"
"CENTRALSERVICES","ENDPOINTMODELS",31,"DEVICESCRTYCLASSID","NUMBER",22,3,0,"N"
"CENTRALSERVICES","ENDPOINTMODELS",32,"DADEVICEFLG","NUMBER",22,1,0,"N"
"CENTRALSERVICES","ENDPOINTMODELS",33,"REACTIVECPBLFLG","NUMBER",22,1,0,"N"
"CENTRALSERVICES","ENDPOINTMODELS",34,"MINHANINITZIGBEEFWVERSION","VARCHAR2",20,,,"Y"
"CENTRALSERVICES","ENDPOINTMODELS",35,"MINHANINITFWVERSION","VARCHAR2",20,,,"Y"
"CENTRALSERVICES","ENDPOINTMODELS",36,"ISHANDMDCPBLFLG","NUMBER",22,1,0,"N"
"CENTRALSERVICES","ENDPOINTMODELS",37,"ENABLEEVNTGAPDTCTNFLG","NUMBER",22,1,0,"N"
"CENTRALSERVICES","ENDPOINTMODELS",38,"ISGNDFLG","NUMBER",22,1,0,"N"
"CENTRALSERVICES","ENDPOINTMODELS",39,"EDPTDVCPRTCLID","NUMBER",22,3,0,"Y"
"CENTRALSERVICES","ENDPOINTMODELS",40,"INITKEYTYPE","NUMBER",22,,,"Y"
"CENTRALSERVICES","ENDPOINTMODELS",41,"AMRPWDVLDTNRQRDFLG","NUMBER",22,1,0,"N"
"CENTRALSERVICES","ENDPOINTMODELS",42,"ISPASSTHRUFLG","NUMBER",22,1,0,"N"
"CENTRALSERVICES","ENDPOINTMODELS",43,"PREPAYCPBLFLG","NUMBER",22,1,0,"N"
"CENTRALSERVICES","ENDPOINTMODELS",44,"HASDIAGNOSTICSFLG","NUMBER",22,1,0,"N"
"CENTRALSERVICES","ENDPOINTMODELS",45,"ISCHECKFIRMWAREFORCOMDELAYFLG","NUMBER",22,1,0,"N"
"CENTRALSERVICES","ENDPOINTMODELS",46,"KEYDRVTNALGRTHMTYPE","NUMBER",22,,0,"Y"
"CENTRALSERVICES","ENDPOINTMODELS",47,"GAPCLTNATTRID","NUMBER",22,3,0,"Y"
"CENTRALSERVICES","ENDPOINTNOTES",1,"ENDPOINTNOTEID","NUMBER",22,10,0,"N"
"CENTRALSERVICES","ENDPOINTNOTES",2,"ENDPOINTID","NUMBER",22,10,0,"N"
"CENTRALSERVICES","ENDPOINTNOTES",3,"USERID","NUMBER",22,10,0,"N"
"CENTRALSERVICES","ENDPOINTNOTES",4,"CREATED","TIMESTAMP(6)",11,,6,"N"
"CENTRALSERVICES","ENDPOINTNOTES",5,"NOTETYPE","NUMBER",22,3,0,"N"
"CENTRALSERVICES","ENDPOINTNOTES",6,"NOTE","NCLOB",4000,,,"N"
"CENTRALSERVICES","ENDPOINTS",1,"ENDPOINTID","NUMBER",22,10,0,"N"
"CENTRALSERVICES","ENDPOINTS",2,"SERIALNUMBER","VARCHAR2",30,,,"N"
"CENTRALSERVICES","ENDPOINTS",3,"ENDPOINTTYPEID","NUMBER",22,3,0,"N"
"CENTRALSERVICES","ENDPOINTS",4,"METERID","NUMBER",22,10,0,"Y"
"CENTRALSERVICES","ENDPOINTS",5,"STATUSCODEID","NUMBER",22,3,0,"N"
"CENTRALSERVICES","ENDPOINTS",6,"SPUID","NUMBER",22,10,0,"Y"
"CENTRALSERVICES","ENDPOINTS",7,"PREVSPUID","NUMBER",22,10,0,"Y"
"CENTRALSERVICES","ENDPOINTS",8,"FIRMWAREID","NUMBER",22,5,0,"Y"
"CENTRALSERVICES","ENDPOINTS",9,"INPUTSELECT","NUMBER",22,3,0,"Y"
"CENTRALSERVICES","ENDPOINTS",10,"CHANNEL","NUMBER",22,10,0,"Y"
"CENTRALSERVICES","ENDPOINTS",11,"KH","NUMBER",22,6,2,"Y"
"CENTRALSERVICES","ENDPOINTS",12,"INITIALKWH","NUMBER",22,10,0,"Y"
"CENTRALSERVICES","ENDPOINTS",13,"NUMDIGITS","NUMBER",22,3,0,"Y"
"CENTRALSERVICES","ENDPOINTS",14,"FIRSTPROGRAMDATE","DATE",7,,,"N"
"CENTRALSERVICES","ENDPOINTS",15,"LASTPROGRAMDATE","TIMESTAMP(6)",11,,6,"Y"
"CENTRALSERVICES","ENDPOINTS",16,"RECONFIGMASK","NUMBER",22,5,0,"Y"
"CENTRALSERVICES","ENDPOINTS",17,"RECONFIGDATE","DATE",7,,,"Y"
"CENTRALSERVICES","ENDPOINTS",18,"NOTES","NVARCHAR2",510,,,"Y"
"CENTRALSERVICES","ENDPOINTS",19,"ORGANIZATIONID","NUMBER",22,10,0,"N"
"CENTRALSERVICES","ENDPOINTS",20,"CONFIGURATIONGROUPID","NUMBER",22,10,0,"Y"
"CENTRALSERVICES","ENDPOINTS",21,"ARCHIVE","NUMBER",22,1,0,"N"
"CENTRALSERVICES","ENDPOINTS",22,"RECONFIGRETRIES","NUMBER",22,3,0,"N"
"CENTRALSERVICES","ENDPOINTS",23,"LASTSTATUSCHANGED","DATE",7,,,"N"
"CENTRALSERVICES","ENDPOINTS",24,"GOODPACKETCOUNT","NUMBER",22,5,0,"Y"
"CENTRALSERVICES","ENDPOINTS",25,"LASTGOODPACKET","DATE",7,,,"Y"
"CENTRALSERVICES","ENDPOINTS",26,"DEMANDRESET","NUMBER",22,1,0,"Y"
"CENTRALSERVICES","ENDPOINTS",27,"LASTRESETDAY","DATE",7,,,"Y"
"CENTRALSERVICES","ENDPOINTS",28,"METERGROUPCRC","NUMBER",22,10,0,"Y"
"CENTRALSERVICES","ENDPOINTS",29,"LOWSIGNALSTART","DATE",7,,,"Y"
"CENTRALSERVICES","ENDPOINTS",30,"LASTBILLABLEREAD","DATE",7,,,"Y"
"CENTRALSERVICES","ENDPOINTS",31,"USAGEVIOLATIONDATE","DATE",7,,,"Y"
"CENTRALSERVICES","ENDPOINTS",32,"ENDPOINTMODELID","NUMBER",22,10,0,"N"
"CENTRALSERVICES","ENDPOINTS",33,"HEALTHSTART","DATE",7,,,"Y"
"CENTRALSERVICES","ENDPOINTS",34,"CONFIGURATIONENABLED","NUMBER",22,1,0,"N"
"CENTRALSERVICES","ENDPOINTS",35,"FOUNDDATE","DATE",7,,,"Y"
"CENTRALSERVICES","ENDPOINTS",36,"FINDTARGET","NUMBER",22,5,0,"N"
"CENTRALSERVICES","ENDPOINTS",37,"LASTCONFIRMEDCNFGGROUPID","NUMBER",22,10,0,"Y"
"CENTRALSERVICES","ENDPOINTS",38,"RECONFIGCOMMANDSSENTDATE","DATE",7,,,"Y"
"CENTRALSERVICES","ENDPOINTS",39,"NEEDRECONFIGURATION","NUMBER",22,1,0,"N"
"CENTRALSERVICES","ENDPOINTS",40,"RECONFIGTYPEID","NUMBER",22,3,0,"N"
"CENTRALSERVICES","ENDPOINTS",41,"FREQASSIGNSENDCOUNT","NUMBER",22,3,0,"N"
"CENTRALSERVICES","ENDPOINTS",42,"SKIPFINDDETECTION","NUMBER",22,1,0,"N"
"CENTRALSERVICES","ENDPOINTS",43,"NEEDSINITIALASYNCREQUEST","NUMBER",22,1,0,"N"
"CENTRALSERVICES","ENDPOINTS",44,"DEMANDRESETPENDING","NUMBER",22,1,0,"N"
"CENTRALSERVICES","ENDPOINTS",45,"ASYNCREADINGDATE","DATE",7,,,"Y"
"CENTRALSERVICES","ENDPOINTS",46,"ASYNCREQUESTPACKETDEFINITIONID","NUMBER",22,10,0,"Y"
"CENTRALSERVICES","ENDPOINTS",47,"DETENT","NUMBER",22,1,0,"N"
"CENTRALSERVICES","ENDPOINTS",48,"SETMUSERIALNUMBERS","NUMBER",22,1,0,"N"
"CENTRALSERVICES","ENDPOINTS",49,"ZEROUSAGEDATE","DATE",7,,,"Y"
"CENTRALSERVICES","ENDPOINTS",50,"DEMANDRESETFAILURE","DATE",7,,,"Y"
"CENTRALSERVICES","ENDPOINTS",51,"DEMANDRESETGROUPID","NUMBER",22,10,0,"Y"
"CENTRALSERVICES","ENDPOINTS",52,"NOTLOGGINGEXCLUSIONDATE","DATE",7,,,"N"
"CENTRALSERVICES","ENDPOINTS",53,"SERIALNUMBERINVALID","NUMBER",22,1,0,"N"
"CENTRALSERVICES","ENDPOINTS",54,"HWMODELID","NUMBER",22,10,0,"Y"
"CENTRALSERVICES","ENDPOINTS",55,"SUSPECTOUTAGEDATE","TIMESTAMP(6)",11,,6,"Y"
"CENTRALSERVICES","ENDPOINTS",56,"NETMETERINGENABLED","NUMBER",22,1,0,"N"
"CENTRALSERVICES","ENDPOINTS",57,"ROLLINGKWENABLED","NUMBER",22,1,0,"N"
"CENTRALSERVICES","ENDPOINTS",58,"SENDPEAKSETTINGS","NUMBER",22,1,0,"N"
"CENTRALSERVICES","ENDPOINTS",59,"SERIALNUMBERGROUPID","NUMBER",22,3,0,"N"
"CENTRALSERVICES","ENDPOINTS",60,"NEEDSTOU12INITIALASYNCREQUEST","NUMBER",22,1,0,"N"
"CENTRALSERVICES","ENDPOINTS",61,"NEEDSTOU34INITIALASYNCREQUEST","NUMBER",22,1,0,"N"
"CENTRALSERVICES","ENDPOINTS",62,"FINDPRIORITY","NUMBER",22,3,0,"N"
"CENTRALSERVICES","ENDPOINTS",63,"NEEDSZMETARIFFINITIALASYNCREQ","NUMBER",22,1,0,"N"
"CENTRALSERVICES","ENDPOINTS",64,"TOUMODECONFIRMATIONPENDING","NUMBER",22,1,0,"N"
"CENTRALSERVICES","ENDPOINTS",65,"SENDINTERVALDATA","NUMBER",22,1,0,"N"
"CENTRALSERVICES","ENDPOINTS",66,"SENDSETGROUPS","NUMBER",22,1,0,"N"
"CENTRALSERVICES","ENDPOINTS",67,"FIRMWAREVERSION","VARCHAR2",50,,,"Y"
"CENTRALSERVICES","ENDPOINTS",68,"ZIGBEEFIRMWAREVERSION","VARCHAR2",50,,,"Y"
"CENTRALSERVICES","ENDPOINTS",69,"NEEDSINITIALREADASYNCREQUEST","NUMBER",22,1,0,"N"
"CENTRALSERVICES","ENDPOINTS",70,"FAILEDWORKFLOWTYPEID","NUMBER",22,10,0,"Y"
"CENTRALSERVICES","ENDPOINTS",71,"LASTPACKETRECEIVED","DATE",7,,,"Y"
"CENTRALSERVICES","ENDPOINTS",72,"SENDSETSEQUENCEBP","NUMBER",22,1,0,"N"
"CENTRALSERVICES","ENDPOINTS",73,"SENDSETCALENDAR","NUMBER",22,1,0,"N"
"CENTRALSERVICES","ENDPOINTS",74,"SENDSETINTERVALCONFIG","NUMBER",22,1,0,"Y"
"CENTRALSERVICES","ENDPOINTS",75,"SECNEEDCONFIGURATION","NUMBER",22,1,0,"N"
"CENTRALSERVICES","ENDPOINTS",76,"SECCONFIGURATIONENABLED","NUMBER",22,1,0,"N"
"CENTRALSERVICES","ENDPOINTS",77,"SECCONFIGRETRIES","NUMBER",22,3,0,"N"
"CENTRALSERVICES","ENDPOINTS",78,"SECRECONFIGCOMMANDSSENTDATE","DATE",7,,,"Y"
"CENTRALSERVICES","ENDPOINTS",79,"LASTEVENTTYPEID","NUMBER",22,,,"Y"
"CENTRALSERVICES","ENDPOINTS",80,"SECURITYSTATUSCODEID","NUMBER",22,10,0,"Y"
"CENTRALSERVICES","ENDPOINTS",81,"SECURITYCNFGRETRYQT","NUMBER",22,10,0,"Y"
"CENTRALSERVICES","ENDPOINTS",82,"DEMANDRESETBILLINGCYCLEID","NUMBER",22,10,0,"Y"
"CENTRALSERVICES","ENDPOINTS",83,"SENDSETLCOTIMES","NUMBER",22,1,0,"N"
"CENTRALSERVICES","ENDPOINTS",84,"SENDSETSDOCONFIG","NUMBER",22,1,0,"N"
"CENTRALSERVICES","ENDPOINTS",85,"SENDSWITCHCONFIGCMD","NUMBER",22,1,0,"N"
"CENTRALSERVICES","ENDPOINTS",86,"SENDSETSEQUENCEHAN","NUMBER",22,1,0,"N"
"CENTRALSERVICES","ENDPOINTS",87,"HANENABLED","NUMBER",22,1,0,"Y"
"CENTRALSERVICES","ENDPOINTS",88,"IPADDR","NUMBER",22,20,0,"Y"
"CENTRALSERVICES","ENDPOINTS",89,"SCHDDRSTATE","NUMBER",22,2,0,"Y"
"CENTRALSERVICES","ENDPOINTS",90,"SCHDDRRTRYCNT","NUMBER",22,2,0,"Y"
"CENTRALSERVICES","ENDPOINTS",91,"SCHDDRCMDSNDDTM","TIMESTAMP(6)",11,,6,"Y"
"CENTRALSERVICES","ENDPOINTS",92,"IPADDRV6","VARCHAR2",45,,,"Y"
"CENTRALSERVICES","ENDPOINTS",93,"NUMDIGITSCHNLTWO","NUMBER",22,3,0,"Y"
"CENTRALSERVICES","ENDPOINTS",94,"LASTCFGCHANGEUTCDTM","TIMESTAMP(6)",11,,6,"Y"
"CENTRALSERVICES","ENDPOINTS",95,"TENANTID","NUMBER",22,5,0,"N"
"CENTRALSERVICES","ENDPOINTS",96,"ISQURTNSTATE","NUMBER",22,1,0,"N"
"CENTRALSERVICES","ENDPOINTS",97,"SCHDDROPTYPE","NUMBER",22,10,0,"N"
"CENTRALSERVICES","ENDPOINTS",98,"MODELNAMEKEY","VARCHAR2",200,,,"Y"
"CENTRALSERVICES","ENDPOINTS",99,"CLTRASSCDTM","DATE",7,,,"Y"
"CENTRALSERVICES","ENDPOINTS",100,"ENDPOINTMODELHASH","VARCHAR2",200,,,"Y"
"CENTRALSERVICES","ENDPOINTS",101,"ISAPPCAPABLE","NUMBER",22,1,0,"N"
"CENTRALSERVICES","ENDPOINTS",102,"DEVICEMODELNAME","VARCHAR2",100,,,"Y"
"CENTRALSERVICES","ENDPOINTS",103,"PDUMODELNAME","VARCHAR2",100,,,"Y"
"CENTRALSERVICES","ENDPOINTS",104,"COMMSTECHMODELNAME","VARCHAR2",100,,,"Y"
"CENTRALSERVICES","ENDPOINTS",105,"UTILITYSERIALNUMBER","VARCHAR2",50,,,"Y"
"CENTRALSERVICES","ENDPOINTSTATUSCODEHISTORY",1,"ENDPOINTID","NUMBER",22,10,0,"N"
"CENTRALSERVICES","ENDPOINTSTATUSCODEHISTORY",2,"LASTMODIFIEDDATE","TIMESTAMP(6)",11,,6,"N"
"CENTRALSERVICES","ENDPOINTSTATUSCODEHISTORY",3,"STATUSCODEID","NUMBER",22,10,0,"N"
"CENTRALSERVICES","ENDPOINTSTATUSCODEHISTORY",4,"EFFECTIVEDATE","TIMESTAMP(6)",11,,6,"Y"
"CENTRALSERVICES","ERRORLOG",1,"ERRORLOGID","NUMBER",22,10,0,"N"
"CENTRALSERVICES","ERRORLOG",2,"LOGTIME","TIMESTAMP(6)",11,,6,"N"
"CENTRALSERVICES","ERRORLOG",3,"ERRORTYPEID","NUMBER",22,10,0,"N"
"CENTRALSERVICES","ERRORLOG",4,"SOURCE","VARCHAR2",255,,,"Y"
"CENTRALSERVICES","ERRORLOG",5,"DESCRIPTION","VARCHAR2",1000,,,"Y"
"CENTRALSERVICES","ERRORLOG",6,"SPUID","NUMBER",22,10,0,"Y"
"CENTRALSERVICES","ERRORLOG",7,"ENDPOINTID","NUMBER",22,10,0,"Y"
"CENTRALSERVICES","ERRORLOG",8,"ORGANIZATIONID","NUMBER",22,10,0,"Y"
"CENTRALSERVICES","ERRORLOG",9,"USERID","NUMBER",22,10,0,"Y"
"CENTRALSERVICES","ERRORLOG",10,"STACKTRACE","CLOB",4000,,,"Y"
"CENTRALSERVICES","ERRORLOG",11,"TARGET","VARCHAR2",255,,,"Y"
"CENTRALSERVICES","ERRORLOG",12,"MESSAGE","VARCHAR2",4000,,,"Y"
"CENTRALSERVICES","ERRORLOG",13,"ERRORRESOLVED","NUMBER",22,1,0,"N"
"CENTRALSERVICES","ERRORTYPES",1,"ERRORTYPEID","NUMBER",22,10,0,"N"
"CENTRALSERVICES","ERRORTYPES",2,"OBJECTTYPEID","NUMBER",22,10,0,"N"
"CENTRALSERVICES","ERRORTYPES",3,"NAME","VARCHAR2",50,,,"Y"
"CENTRALSERVICES","ERRORTYPES",4,"NOTES","VARCHAR2",255,,,"Y"
"CENTRALSERVICES","ERRORTYPES",5,"SEVERITY","NUMBER",22,10,0,"Y"
"CENTRALSERVICES","ERRORTYPES",6,"ERRORCATEGORYID","NUMBER",22,10,0,"N"
"CENTRALSERVICES","EVENTLOG",1,"EVENTLOGID","NUMBER",22,10,0,"N"
"CENTRALSERVICES","EVENTLOG",2,"LOGTIME","TIMESTAMP(6)",11,,6,"N"
"CENTRALSERVICES","EVENTLOG",3,"ENDPOINTID","NUMBER",22,10,0,"Y"
"CENTRALSERVICES","EVENTLOG",4,"SPUID","NUMBER",22,10,0,"Y"
"CENTRALSERVICES","EVENTLOG",5,"COMMANDID","NUMBER",22,10,0,"Y"
"CENTRALSERVICES","EVENTLOG",6,"EVENTTYPEID","NUMBER",22,10,0,"N"
"CENTRALSERVICES","EVENTLOG",7,"USERNAME","VARCHAR2",50,,,"Y"
"CENTRALSERVICES","EVENTLOG",8,"PROGRAMNAME","VARCHAR2",20,,,"Y"
"CENTRALSERVICES","EVENTLOG",9,"EVENTTEXT","VARCHAR2",500,,,"Y"
"CENTRALSERVICES","EVENTLOG",10,"ORGANIZATIONID","NUMBER",22,10,0,"N"
"CENTRALSERVICES","EVENTLOG",11,"EVENTDATE","TIMESTAMP(6)",11,,6,"N"
"CENTRALSERVICES","EVENTLOG",12,"OEVENTDATE","NUMBER",22,5,0,"N"
"CENTRALSERVICES","EVENTLOG",13,"RFALARMPRIORITYID","NUMBER",22,3,0,"Y"
"CENTRALSERVICES","EVENTLOG",14,"SQNCENUM","NUMBER",22,10,0,"Y"
"CENTRALSERVICES","EVENTLOG",15,"PACKETTYPEID","NUMBER",22,3,0,"Y"
"CENTRALSERVICES","EVENTLOG",16,"MESSAGE","VARCHAR2",4000,,,"Y"
"CENTRALSERVICES","EVENTLOG",17,"METERID","NUMBER",22,10,0,"Y"
"CENTRALSERVICES","EVENTLOG",18,"METERBATCHID","NUMBER",22,3,0,"Y"
"CENTRALSERVICES","EVENTTYPES",1,"EVENTTYPEID","NUMBER",22,10,0,"N"
"CENTRALSERVICES","EVENTTYPES",2,"NAME","VARCHAR2",70,,,"Y"
"CENTRALSERVICES","EVENTTYPES",3,"NOTES","VARCHAR2",255,,,"Y"
"CENTRALSERVICES","EVENTTYPES",4,"SCRTYNTFCTNCD","NUMBER",22,2,0,"Y"
"CENTRALSERVICES","EVENTTYPES",5,"EVENTCATGRYID","NUMBER",22,,,"Y"
"CENTRALSERVICES","EVENTTYPES",6,"EVENTSRCID","NUMBER",22,,,"Y"
"CENTRALSERVICES","EVENTTYPES",7,"FUNCLCATGRYID","NUMBER",22,,,"Y"
"CENTRALSERVICES","EVENTTYPES",8,"INPHASEVOLTREPORT","NUMBER",22,1,0,"Y"
"CENTRALSERVICES","GPSLOCATIONS",1,"GPSLOCATIONID","NUMBER",22,10,0,"N"
"CENTRALSERVICES","GPSLOCATIONS",2,"ENDPOINTID","NUMBER",22,10,0,"Y"
"CENTRALSERVICES","GPSLOCATIONS",3,"LATITUDE","NUMBER",22,12,8,"N"
"CENTRALSERVICES","GPSLOCATIONS",4,"LONGITUDE","NUMBER",22,12,8,"N"
"CENTRALSERVICES","GPSLOCATIONS",5,"ALTITUDE","NUMBER",22,8,2,"Y"
"CENTRALSERVICES","GPSLOCATIONS",6,"UTCTIMECAPTURED","TIMESTAMP(6)",11,,6,"Y"
"CENTRALSERVICES","GROUPS",1,"GROUPID","NUMBER",22,10,0,"N"
"CENTRALSERVICES","GROUPS",2,"ORGANIZATIONID","NUMBER",22,10,0,"N"
"CENTRALSERVICES","GROUPS",3,"NAME","NVARCHAR2",300,,,"Y"
"CENTRALSERVICES","GROUPS",4,"GROUPTYPEID","NUMBER",22,10,0,"N"
"CENTRALSERVICES","GROUPS",5,"NOTES","NVARCHAR2",510,,,"Y"
"CENTRALSERVICES","GROUPS",6,"ENDPOINTGROUPID","NUMBER",22,10,0,"Y"
"CENTRALSERVICES","GROUPS",7,"ACTIVE","NUMBER",22,1,0,"N"
"CENTRALSERVICES","GROUPS",8,"STARTDATE","TIMESTAMP(6)",11,,6,"N"
"CENTRALSERVICES","GROUPS",9,"ENDDATE","TIMESTAMP(6)",11,,6,"N"
"CENTRALSERVICES","GROUPS",10,"SYSTEM","NUMBER",22,1,0,"N"
"CENTRALSERVICES","GROUPS",11,"ENDPOINTMODELID","NUMBER",22,10,0,"Y"
"CENTRALSERVICES","GROUPS",12,"FIRMWAREPLATFORMID","NUMBER",22,5,0,"Y"
"CENTRALSERVICES","GROUPS",13,"RESXKEYNM","VARCHAR2",50,,,"Y"
"CENTRALSERVICES","GROUPS",14,"LNKDGRPID","NUMBER",22,,,"Y"
"CENTRALSERVICES","GROUPS",15,"TENANTID","NUMBER",22,5,0,"N"
"CENTRALSERVICES","GROUPTYPES",1,"GROUPTYPEID","NUMBER",22,10,0,"N"
"CENTRALSERVICES","GROUPTYPES",2,"NAME","VARCHAR2",50,,,"Y"
"CENTRALSERVICES","GROUPTYPES",3,"NOTES","VARCHAR2",255,,,"Y"
"CENTRALSERVICES","GROUPTYPES",4,"VIRTUAL","NUMBER",22,1,0,"Y"
"CENTRALSERVICES","GROUPTYPES",5,"ENDPOINTGROUPTYPE","NUMBER",22,1,0,"N"
"CENTRALSERVICES","GROUPTYPES",6,"SYSTEMGROUP","NUMBER",22,1,0,"N"
"CENTRALSERVICES","GROUPTYPES",7,"BITFLAG","NUMBER",22,10,0,"N"
"CENTRALSERVICES","GROUPTYPES",8,"OBJECTTYPEID","NUMBER",22,10,0,"N"
"CENTRALSERVICES","IDREADINGLATESTVALUES",1,"ENDPOINTID","NUMBER",22,10,0,"N"
"CENTRALSERVICES","IDREADINGLATESTVALUES",2,"DATADEFINITIONID","NUMBER",22,10,0,"N"
"CENTRALSERVICES","IDREADINGLATESTVALUES",3,"LATESTVALUEDEC","NUMBER",22,19,4,"N"
"CENTRALSERVICES","IDREADINGLATESTVALUES",4,"LATESTVALUEDATE","DATE",7,,,"N"
"CENTRALSERVICES","IDREADINGLATESTVALUES",5,"LATESTSELFREADDATE","DATE",7,,,"Y"
"CENTRALSERVICES","IDREADINGLATESTVALUES",6,"LATESTDAILYVALUEDEC","NUMBER",22,19,4,"Y"
"CENTRALSERVICES","IDREADINGLATESTVALUES",7,"LATESTDAILYVALUEDATE","DATE",7,,,"Y"
"CENTRALSERVICES","IDREADINGLOGS",1,"ENDPOINTID","NUMBER",22,10,0,"N"
"CENTRALSERVICES","IDREADINGLOGS",2,"READINGDATE","DATE",7,,,"N"
"CENTRALSERVICES","IDREADINGLOGS",3,"DATADEFINITIONID","NUMBER",22,10,0,"N"
"CENTRALSERVICES","IDREADINGLOGS",4,"PACKETTYPEID","NUMBER",22,3,0,"N"
"CENTRALSERVICES","IDREADINGLOGS",5,"LOGTIME","DATE",7,,,"N"
"CENTRALSERVICES","IDREADINGLOGS",6,"COLLECTORID","NUMBER",22,10,0,"N"
"CENTRALSERVICES","IDREADINGLOGS",7,"BILLABLE","NUMBER",22,1,0,"N"
"CENTRALSERVICES","IDREADINGLOGS",8,"METERID","NUMBER",22,10,0,"Y"
"CENTRALSERVICES","IDREADINGLOGS",9,"VALUEDEC","NUMBER",22,19,4,"Y"
"CENTRALSERVICES","IDREADINGLOGS",10,"VALUEDATE","DATE",7,,,"Y"
"CENTRALSERVICES","IDREADINGLOGS",11,"VALUESTRING","VARCHAR2",256,,,"Y"
"CENTRALSERVICES","IDREADINGLOGS",12,"RAWVALUE","RAW",256,,,"Y"
"CENTRALSERVICES","IDREADINGLOGS",13,"OREADINGDATE","NUMBER",22,5,0,"N"
"CENTRALSERVICES","IDREADINGLOGS",14,"OVALUEDATE","NUMBER",22,5,0,"Y"
"CENTRALSERVICES","IDREADINGLOGS",15,"METERBATCHID","NUMBER",22,3,0,"Y"
"CENTRALSERVICES","IDREADINGLOGS",16,"READATTRIBUTES","NVARCHAR2",512,,,"Y"
"CENTRALSERVICES","INTERVALDATA",1,"ENDPOINTID","NUMBER",22,10,0,"N"
"CENTRALSERVICES","INTERVALDATA",2,"METERID","NUMBER",22,10,0,"Y"
"CENTRALSERVICES","INTERVALDATA",3,"INTERVALCHANNELNO","NUMBER",22,3,0,"N"
"CENTRALSERVICES","INTERVALDATA",4,"INTERVALSTARTDATE","DATE",7,,,"N"
"CENTRALSERVICES","INTERVALDATA",5,"INTERVALVALUE","NUMBER",22,19,4,"Y"
"CENTRALSERVICES","INTERVALDATA",6,"LOGTIME","DATE",7,,,"N"
"CENTRALSERVICES","INTERVALDATA",7,"INTERVALTYPEID","NUMBER",22,3,0,"N"
"CENTRALSERVICES","INTERVALDATA",8,"PACKETTYPEID","NUMBER",22,3,0,"N"
"CENTRALSERVICES","INTERVALDATA",9,"RAWVALUE","RAW",16,,,"Y"
"CENTRALSERVICES","INTERVALDATA",10,"OINTERVALSTARTDATE","NUMBER",22,5,0,"N"
"CENTRALSERVICES","INTERVALDATA",11,"COMMONINTERVALSTATUSFLAGID","NUMBER",22,3,0,"N"
"CENTRALSERVICES","INTERVALDATA",12,"INTERVALSTATUSID","NUMBER",22,3,0,"N"
"CENTRALSERVICES","INTERVALDATA",13,"DATADEFINITIONID","NUMBER",22,10,0,"N"
"CENTRALSERVICES","INTERVALDATA",14,"METERBATCHID","NUMBER",22,3,0,"Y"
"CENTRALSERVICES","INTERVALDATA",15,"INTERVALATTRIBUTES","VARCHAR2",256,,,"Y"
"CENTRALSERVICES","INTERVALDATALATESTVALUES",1,"ENDPOINTID","NUMBER",22,10,0,"N"
"CENTRALSERVICES","INTERVALDATALATESTVALUES",2,"INTERVALCHANNELNO","NUMBER",22,3,0,"N"
"CENTRALSERVICES","INTERVALDATALATESTVALUES",3,"INTERVALSTARTDATE","DATE",7,,,"Y"
"CENTRALSERVICES","INTERVALDATALATESTVALUES",4,"INTERVALVALUE","NUMBER",22,19,4,"Y"
"CENTRALSERVICES","INTERVALDATALATESTVALUES",5,"INTERVALTYPEID","NUMBER",22,3,0,"N"
"CENTRALSERVICES","INTERVALDATALATESTVALUES",6,"LASTUPDATEUTCTIME","DATE",7,,,"N"
"CENTRALSERVICES","INTERVALDATALATESTVALUES",7,"METERID","NUMBER",22,10,0,"Y"
"CENTRALSERVICES","INTERVALDATALATESTVALUES",8,"METERBATCHID","NUMBER",22,3,0,"Y"
"CENTRALSERVICES","INTERVALDATALATESTVALUES",9,"OINTERVALSTARTDATE","NUMBER",22,5,0,"Y"
"CENTRALSERVICES","INTERVALTYPES",1,"INTERVALTYPEID","NUMBER",22,3,0,"N"
"CENTRALSERVICES","INTERVALTYPES",2,"DESCRIPTION","VARCHAR2",64,,,"N"
"CENTRALSERVICES","INTERVALTYPES",3,"INTERVALSECONDS","NUMBER",22,10,0,"N"
"CENTRALSERVICES","INTERVALTYPES",4,"ISFULLREGREADFLG","NUMBER",22,1,0,"N"
"CENTRALSERVICES","METERCONFIGURATION",1,"METERCONFIGURATIONID","NUMBER",22,10,0,"N"
"CENTRALSERVICES","METERCONFIGURATION",2,"METERCONFIGURATIONTYPEID","NUMBER",22,3,0,"N"
"CENTRALSERVICES","METERCONFIGURATION",3,"NAME","VARCHAR2",50,,,"Y"
"CENTRALSERVICES","METERCONFIGURATION",4,"DESCRIPTION","VARCHAR2",50,,,"Y"
"CENTRALSERVICES","METERCONFIGURATION",5,"METERCONFIGINTERVALDATACRC","NUMBER",22,10,0,"Y"
"CENTRALSERVICES","METERCONFIGURATION",6,"METERMODELID","NUMBER",22,10,0,"Y"
"CENTRALSERVICES","METERCONFIGURATION",7,"INTERVALLENGTH","NUMBER",22,5,0,"Y"
"CENTRALSERVICES","METERCONFIGURATION",8,"BLOCKENDREADFLAG","NUMBER",22,1,0,"N"
"CENTRALSERVICES","METERCONFIGURATION",9,"BLOCKENDPULSEFLAG","NUMBER",22,1,0,"N"
"CENTRALSERVICES","METERCONFIGURATION",10,"INTERVALFORMATID","NUMBER",22,3,0,"Y"
"CENTRALSERVICES","METERCONFIGURATION",11,"EXTENDEDINTSTATUSFLAG","NUMBER",22,1,0,"N"
"CENTRALSERVICES","METERCONFIGURATION",12,"SIMPLEINTSTATUSFLAG","NUMBER",22,1,0,"N"
"CENTRALSERVICES","METERCONFIGURATION",13,"NUMBEROFINTERVALBLOCKS","NUMBER",22,10,0,"Y"
"CENTRALSERVICES","METERCONFIGURATION",14,"NUMBEROFINTERVALSPERBLOCK","NUMBER",22,10,0,"Y"
"CENTRALSERVICES","METERCONFIGURATION",15,"INTERVALORDERISDESCENDING","NUMBER",22,1,0,"N"
"CENTRALSERVICES","METERCONFIGURATION",16,"REPROCESSMAPPING","NUMBER",22,1,0,"N"
"CENTRALSERVICES","METERCONFIGURATION",17,"PROGRAMDATA","BLOB",4000,,,"Y"
"CENTRALSERVICES","METERCONFIGURATION",18,"MAXAMPS","NUMBER",22,5,1,"Y"
"CENTRALSERVICES","METERCONFIGURATION",19,"NUMELMNTS","NUMBER",22,3,1,"Y"
"CENTRALSERVICES","METERCONFIGURATION",20,"ELMNTVOLTS","NUMBER",22,5,2,"Y"
"CENTRALSERVICES","METERCONFIGURATION",21,"INITCRCUTCDTM","DATE",7,,,"Y"
"CENTRALSERVICES","METERCONFIGURATION",22,"ISFULLREGREADFLG","NUMBER",22,,,"Y"
"CENTRALSERVICES","METERCONFIGURATION",23,"ISSNAPSUPPORTED","NUMBER",22,,,"Y"
"CENTRALSERVICES","METERS",1,"METERID","NUMBER",22,10,0,"N"
"CENTRALSERVICES","METERS",2,"ORGANIZATIONID","NUMBER",22,10,0,"N"
"CENTRALSERVICES","METERS",3,"METERNO","VARCHAR2",20,,,"N"
"CENTRALSERVICES","METERS",4,"SERIALNUMBER","VARCHAR2",20,,,"Y"
"CENTRALSERVICES","METERS",5,"SEALNUMBER","VARCHAR2",20,,,"Y"
"CENTRALSERVICES","METERS",6,"SEALNUMBER2","VARCHAR2",20,,,"Y"
"CENTRALSERVICES","METERS",7,"ARCHIVE","NUMBER",22,1,0,"Y"
"CENTRALSERVICES","METERS",8,"BILLINGCYCLEID","NUMBER",22,10,0,"Y"
"CENTRALSERVICES","METERS",9,"MAPLOCATIONID","NUMBER",22,10,0,"Y"
"CENTRALSERVICES","METERS",10,"MSOBJECTID","VARCHAR2",20,,,"Y"
"CENTRALSERVICES","METERS",11,"METERTYPEID","NUMBER",22,3,0,"N"
"CENTRALSERVICES","METERS",12,"MULTIPLIER","NUMBER",22,10,0,"Y"
"CENTRALSERVICES","METERS",13,"DEMANDMULTIPLIER","FLOAT",22,126,,"Y"
"CENTRALSERVICES","METERS",14,"CONNECTIVITYCHANGEDDATE","DATE",7,,,"Y"
"CENTRALSERVICES","METERS",15,"CUSTOMEROUTAGEDATE","DATE",7,,,"Y"
"CENTRALSERVICES","METERS",16,"SUBSTATIONCODEID","NUMBER",22,10,0,"Y"
"CENTRALSERVICES","METERS",17,"CUSTOMERID","NUMBER",22,10,0,"Y"
"CENTRALSERVICES","METERS",18,"SERVICELOCATIONID","NUMBER",22,10,0,"Y"
"CENTRALSERVICES","METERS",19,"CUSTOM1","VARCHAR2",255,,,"Y"
"CENTRALSERVICES","METERS",20,"CUSTOM2","VARCHAR2",255,,,"Y"
"CENTRALSERVICES","METERS",21,"LINESECTIONID","NUMBER",22,10,0,"Y"
"CENTRALSERVICES","METERS",22,"FORM","VARCHAR2",20,,,"Y"
"CENTRALSERVICES","METERS",23,"BASE","VARCHAR2",20,,,"Y"
"CENTRALSERVICES","METERS",24,"CLASS","VARCHAR2",20,,,"Y"
"CENTRALSERVICES","METERS",25,"FIRMWAREVERSION","VARCHAR2",50,,,"Y"
"CENTRALSERVICES","METERS",26,"ANSIIDNTYCD","VARCHAR2",50,,,"Y"
"CENTRALSERVICES","METERS",27,"LASTMETERPRGDTM","DATE",7,,,"Y"
"CENTRALSERVICES","METERS",28,"UNITOFMEASURE","VARCHAR2",100,,,"Y"
"CENTRALSERVICES","METERS",29,"GASMTRCNSTNTRT","NUMBER",22,22,8,"Y"
"CENTRALSERVICES","METERS",30,"METERPGMCD","VARCHAR2",10,,,"Y"
"CENTRALSERVICES","METERS",31,"METEREXTENSIONATTRIBUTE1","VARCHAR2",100,,,"Y"
"CENTRALSERVICES","METERS",32,"DLMSSCRTYPWDID","NUMBER",22,,0,"Y"
"CENTRALSERVICES","METERS",33,"UPDATELOCATIONFLG","NUMBER",22,3,0,"N"
"CENTRALSERVICES","METERS",34,"UPDATELOCATIONSENTCNT","NUMBER",22,3,0,"N"
"CENTRALSERVICES","METERS",35,"LOCATIONUPDATEDDTM","DATE",7,,,"Y"
"CENTRALSERVICES","METERS",36,"METERBATCHID","NUMBER",22,,,"Y"
"CENTRALSERVICES","METERS",37,"INTERFACEVERSION","VARCHAR2",48,,,"Y"
"CENTRALSERVICES","METERS",38,"IMS2FIRMWAREVERSION","VARCHAR2",50,,,"Y"
"CENTRALSERVICES","METERS",39,"APPENERGYCALC","NUMBER",22,3,0,"Y"
"CENTRALSERVICES","METERS",40,"DSPHWBOARDVERSION","NUMBER",22,3,0,"Y"
"CENTRALSERVICES","METERS",41,"MCUVERSION","NUMBER",22,3,0,"Y"
"CENTRALSERVICES","METERS",42,"ADCVERSION","NUMBER",22,3,0,"Y"
"CENTRALSERVICES","METERS",43,"IMS2CHIPVERSION","NUMBER",22,3,0,"Y"
"CENTRALSERVICES","METERS",44,"PREVASSOCENDPOINTSRNO","VARCHAR2",30,,,"Y"
"CENTRALSERVICES","PACKETTYPES",1,"PACKETTYPEID","NUMBER",22,3,0,"N"
"CENTRALSERVICES","PACKETTYPES",2,"NAME","VARCHAR2",50,,,"Y"
"CENTRALSERVICES","PLANS",1,"PLANID","NUMBER",22,10,0,"N"
"CENTRALSERVICES","PLANS",2,"NAME","VARCHAR2",50,,,"N"
"CENTRALSERVICES","PLANS",3,"DESCRIPTION","VARCHAR2",255,,,"Y"
"CENTRALSERVICES","PLANS",4,"DEFAULTSTARTTIME","NUMBER",22,10,0,"N"
"CENTRALSERVICES","PLANS",5,"ORGANIZATIONID","NUMBER",22,10,0,"Y"
"CENTRALSERVICES","PLANS",6,"PLANTYPEID","NUMBER",22,10,0,"N"
"CENTRALSERVICES","PLANS",7,"SYSTEM","NUMBER",22,1,0,"N"
"CENTRALSERVICES","PLANS",8,"DISTRIBUTIONID","NUMBER",22,10,0,"Y"
"CENTRALSERVICES","PLANS",9,"USERID","NUMBER",22,10,0,"Y"
"CENTRALSERVICES","PLANS",10,"TENANTID","NUMBER",22,5,0,"N"
"CENTRALSERVICES","PLANSCHEDULES",1,"PLANSCHEDULEID","NUMBER",22,10,0,"N"
"CENTRALSERVICES","PLANSCHEDULES",2,"PLANID","NUMBER",22,10,0,"N"
"CENTRALSERVICES","PLANSCHEDULES",3,"ACTIVE","NUMBER",22,1,0,"N"
"CENTRALSERVICES","PLANSCHEDULES",4,"NEXTSTEP","NUMBER",22,5,0,"Y"
"CENTRALSERVICES","PLANSCHEDULES",5,"SCHEDULETYPE","NUMBER",22,3,0,"N"
"CENTRALSERVICES","PLANSCHEDULES",6,"RECURRING","NUMBER",22,1,0,"N"
"CENTRALSERVICES","PLANSCHEDULES",7,"RECURRENCEFACTOR","NUMBER",22,5,0,"Y"
"CENTRALSERVICES","PLANSCHEDULES",8,"SCHEDULEINTERVAL","NUMBER",22,5,0,"Y"
"CENTRALSERVICES","PLANSCHEDULES",9,"STARTDATE","TIMESTAMP(6)",11,,6,"Y"
"CENTRALSERVICES","PLANSCHEDULES",10,"ENDDATE","TIMESTAMP(6)",11,,6,"Y"
"CENTRALSERVICES","PLANSCHEDULES",11,"NEXTRUNDATE","TIMESTAMP(6)",11,,6,"Y"
"CENTRALSERVICES","PLANSCHEDULES",12,"LASTRUNDATE","TIMESTAMP(6)",11,,6,"Y"
"CENTRALSERVICES","PLANSCHEDULES",13,"NEXTSTEPDATE","TIMESTAMP(6)",11,,6,"Y"
"CENTRALSERVICES","PLANSCHEDULES",14,"CUSTOMRUNDATES","CLOB",4000,,,"Y"
"CENTRALSERVICES","PLANSCHEDULES",15,"RUNDATEADJUSTMENTMETHOD","VARCHAR2",100,,,"Y"
"CENTRALSERVICES","PLANSCHEDULES",16,"TASKDATA","CLOB",4000,,,"Y"
"CENTRALSERVICES","PLANSCHEDULES",17,"OFFSETTIME","NUMBER",22,,,"Y"
"CENTRALSERVICES","PLANTYPES",1,"PLANTYPEID","NUMBER",22,10,0,"N"
"CENTRALSERVICES","PLANTYPES",2,"NAME","VARCHAR2",50,,,"N"
"CENTRALSERVICES","READ_SCHEDULE",1,"READ_DATE","DATE",7,,,"N"
"CENTRALSERVICES","READ_SCHEDULE",2,"UTILITY","VARCHAR2",50,,,"N"
"CENTRALSERVICES","READ_SCHEDULE",3,"BILLING_CYCLE","VARCHAR2",3,,,"N"
"CENTRALSERVICES","READ_SCHEDULE",4,"OLDEST_ALLOWABLE","DATE",7,,,"Y"
"CENTRALSERVICES","READ_SCHEDULE",5,"LAST_INSTALL_BEFORE","DATE",7,,,"Y"
"CENTRALSERVICES","READ_SCHEDULE",6,"FIRST_INSTALL_AFTER","DATE",7,,,"Y"
"CENTRALSERVICES","READ_SCHEDULE",7,"UPDATE_TIME","DATE",7,,,"Y"
"CENTRALSERVICES","RFENDPOINTPROPERTIES",1,"ENDPOINTID","NUMBER",22,10,0,"N"
"CENTRALSERVICES","RFENDPOINTPROPERTIES",2,"OWNERID","NUMBER",22,5,0,"Y"
"CENTRALSERVICES","RFENDPOINTPROPERTIES",3,"OUTAGEINTERVAL","NUMBER",22,5,0,"Y"
"CENTRALSERVICES","RFENDPOINTPROPERTIES",4,"AUTOCONFIGURE","NUMBER",22,1,0,"Y"
"CENTRALSERVICES","RFENDPOINTPROPERTIES",5,"CONFIGGROUPACTIVATIONDATE","TIMESTAMP(6)",11,,6,"Y"
"CENTRALSERVICES","RFENDPOINTPROPERTIES",6,"FIRMWAREACTIVATIONDATE","TIMESTAMP(6)",11,,6,"Y"
"CENTRALSERVICES","RFENDPOINTPROPERTIES",7,"ISDISCOVERED","NUMBER",22,1,0,"N"
"CENTRALSERVICES","RFENDPOINTPROPERTIES",8,"METERMODELID","NUMBER",22,10,0,"Y"
"CENTRALSERVICES","RFENDPOINTPROPERTIES",9,"METERMODEID","NUMBER",22,10,0,"Y"
"CENTRALSERVICES","RFENDPOINTPROPERTIES",10,"POWERNO","NUMBER",22,5,0,"Y"
"CENTRALSERVICES","RFENDPOINTPROPERTIES",11,"ACTIVEINMESH","NUMBER",22,1,0,"Y"
"CENTRALSERVICES","RFENDPOINTPROPERTIES",12,"NETWORKID","NUMBER",22,5,0,"Y"
"CENTRALSERVICES","RFENDPOINTPROPERTIES",13,"LAYER","NUMBER",22,10,0,"Y"
"CENTRALSERVICES","RFENDPOINTPROPERTIES",14,"PATH","VARCHAR2",700,,,"Y"
"CENTRALSERVICES","RFENDPOINTPROPERTIES",15,"READINGEXTRACTGROUPID","NUMBER",22,10,0,"Y"
"CENTRALSERVICES","RFENDPOINTPROPERTIES",16,"STAGINGFIRMWAREID","NUMBER",22,5,0,"Y"
"CENTRALSERVICES","RFENDPOINTPROPERTIES",17,"LASTFIRMWAREID","NUMBER",22,5,0,"Y"
"CENTRALSERVICES","RFENDPOINTPROPERTIES",18,"REQUIRESFULLSELFREAD","NUMBER",22,1,0,"N"
"CENTRALSERVICES","RFENDPOINTPROPERTIES",19,"REQUIRESFULLLPREAD","NUMBER",22,1,0,"N"
"CENTRALSERVICES","RFENDPOINTPROPERTIES",20,"ENCRYPTCOMMUNICATION","NUMBER",22,1,0,"Y"
"CENTRALSERVICES","RFENDPOINTPROPERTIES",21,"WANREADY","NUMBER",22,1,0,"N"
"CENTRALSERVICES","RFENDPOINTPROPERTIES",22,"WANSET","NUMBER",22,1,0,"N"
"CENTRALSERVICES","RFENDPOINTPROPERTIES",23,"WANADDRESS","NUMBER",22,19,0,"Y"
"CENTRALSERVICES","RFENDPOINTPROPERTIES",24,"HASINITPOLLDATA","NUMBER",22,1,0,"N"
"CENTRALSERVICES","RFENDPOINTPROPERTIES",25,"WANSENTDATE","TIMESTAMP(6)",11,,6,"Y"
"CENTRALSERVICES","RFENDPOINTPROPERTIES",26,"DCWVERSION","VARCHAR2",50,,,"Y"
"CENTRALSERVICES","RFENDPOINTPROPERTIES",27,"LATESTTICKLESUCCESS","NUMBER",22,10,0,"Y"
"CENTRALSERVICES","RFENDPOINTPROPERTIES",28,"NUMBEROFNEIGHBORS","NUMBER",22,10,0,"Y"
"CENTRALSERVICES","RFENDPOINTPROPERTIES",29,"CONFIRMEDTIMEZONECODE","NUMBER",22,10,0,"Y"
"CENTRALSERVICES","RFENDPOINTPROPERTIES",30,"DEVICESCHEDULEID","NUMBER",22,10,0,"Y"
"CENTRALSERVICES","RFENDPOINTPROPERTIES",31,"METERPROGRAMCHANGECOUNT","NUMBER",22,10,0,"N"
"CENTRALSERVICES","RFENDPOINTPROPERTIES",32,"RFUFIRMWAREUPDATESTATUSID","NUMBER",22,3,0,"Y"
"CENTRALSERVICES","RFENDPOINTPROPERTIES",33,"BESTNEIGHBORENDPOINTID","NUMBER",22,10,0,"Y"
"CENTRALSERVICES","RFENDPOINTPROPERTIES",34,"NETWORKENCRYPTIONKEYID","NUMBER",22,10,0,"Y"
"CENTRALSERVICES","RFENDPOINTPROPERTIES",35,"PENDINGFWACTIVATIONDATE","DATE",7,,,"Y"
"CENTRALSERVICES","RFENDPOINTPROPERTIES",36,"HIGHSPEEDFLG","NUMBER",22,1,0,"N"
"CENTRALSERVICES","RFENDPOINTPROPERTIES",37,"METERPRGFMWRID","NUMBER",22,5,0,"Y"
"CENTRALSERVICES","RFENDPOINTPROPERTIES",38,"PDUCRCNUM","NUMBER",22,10,0,"Y"
"CENTRALSERVICES","RFENDPOINTPROPERTIES",39,"HANINITZTNFLG","NUMBER",22,1,0,"N"
"CENTRALSERVICES","RFENDPOINTPROPERTIES",40,"SELFREADDMDRSTSPRTFLG","NUMBER",22,3,0,"Y"
"CENTRALSERVICES","RFENDPOINTPROPERTIES",41,"DMDRSTSEASONCHGFLG","NUMBER",22,1,0,"Y"
"CENTRALSERVICES","RFENDPOINTPROPERTIES",42,"MTRPRGID","VARCHAR2",20,,,"Y"
"CENTRALSERVICES","RFENDPOINTPROPERTIES",43,"MTRPRGVERSN","VARCHAR2",20,,,"Y"
"CENTRALSERVICES","RFENDPOINTPROPERTIES",44,"LASTPATHCOLLECTORID","NUMBER",22,,,"Y"
"CENTRALSERVICES","RFENDPOINTPROPERTIES",45,"REACTIVEENABLEFLG","NUMBER",22,1,0,"Y"
"CENTRALSERVICES","RFENDPOINTPROPERTIES",46,"REACTIVEMODENUM","NUMBER",22,1,0,"N"
"CENTRALSERVICES","RFENDPOINTPROPERTIES",47,"REACTIVECAPABLEFLG","NUMBER",22,1,0,"N"
"CENTRALSERVICES","RFENDPOINTPROPERTIES",48,"LASTSELFREADGAPDTM","DATE",7,,,"Y"
"CENTRALSERVICES","RFENDPOINTPROPERTIES",49,"PREVDMDRSTDTCRCNUM","NUMBER",22,5,0,"Y"
"CENTRALSERVICES","RFENDPOINTPROPERTIES",50,"EVNTSQNCENUM","NUMBER",22,10,0,"Y"
"CENTRALSERVICES","RFENDPOINTPROPERTIES",51,"LASTEVNTRCVDDTM","DATE",7,,,"Y"
"CENTRALSERVICES","RFENDPOINTPROPERTIES",52,"FMWDWNLDRQSTTOKEN","VARCHAR2",32,,,"Y"
"CENTRALSERVICES","RFENDPOINTPROPERTIES",53,"FMWDWNLDRQSTDATE","DATE",7,,,"Y"
"CENTRALSERVICES","RFENDPOINTPROPERTIES",54,"FMWDWNLDRQSTDWNLDPRCNT","NUMBER",22,7,4,"Y"
"CENTRALSERVICES","RFENDPOINTPROPERTIES",55,"TOUACTIVATIONDATE","DATE",7,,,"Y"
"CENTRALSERVICES","RFENDPOINTPROPERTIES",56,"TOUMAPID","NUMBER",22,,,"Y"
"CENTRALSERVICES","RFENDPOINTPROPERTIES",57,"PHYFWVERSION","VARCHAR2",25,,,"Y"
"CENTRALSERVICES","RFENDPOINTPROPERTIES",58,"DMDCALCULATION","NVARCHAR2",40,,,"Y"
"CENTRALSERVICES","RFENDPOINTPROPERTIES",59,"DMDRESETMODE","NVARCHAR2",16,,,"Y"
"CENTRALSERVICES","RFENDPOINTPROPERTIES",60,"DMDPEAKWINDOW","NVARCHAR2",16,,,"Y"
"CENTRALSERVICES","RFENDPOINTPROPERTIES",61,"SELFREADONDMDRESET","NVARCHAR2",510,,,"Y"
"CENTRALSERVICES","RFENDPOINTPROPERTIES",62,"ED_MODEL","NVARCHAR2",510,,,"Y"
"CENTRALSERVICES","RFENDPOINTPROPERTIES",63,"HWVERSION","NVARCHAR2",510,,,"Y"
"CENTRALSERVICES","RFENDPOINTPROPERTIES",64,"MAPPINGID","NUMBER",22,,,"Y"
"CENTRALSERVICES","RFENDPOINTPROPERTIES",65,"PREPAYENABLEDFLG","NUMBER",22,1,0,"N"
"CENTRALSERVICES","RFENDPOINTPROPERTIES",66,"CRTTRNSCTNNUM","NUMBER",22,10,0,"Y"
"CENTRALSERVICES","RFENDPOINTPROPERTIES",67,"PREPAYPROVFLG","NUMBER",22,1,0,"N"
"CENTRALSERVICES","RFENDPOINTPROPERTIES",68,"PROVDTMUTC","DATE",7,,,"Y"
"CENTRALSERVICES","RFENDPOINTPROPERTIES",69,"PREPAYPRVDRID","NUMBER",22,10,0,"Y"
"CENTRALSERVICES","RFENDPOINTPROPERTIES",70,"PREPAYTYPE","NUMBER",22,1,0,"N"
"CENTRALSERVICES","RFENDPOINTPROPERTIES",71,"SECONDARYPROGRAMCRC","NUMBER",22,5,0,"N"
"CENTRALSERVICES","RFENDPOINTPROPERTIES",72,"MTRPRGID2","VARCHAR2",20,,,"Y"
"CENTRALSERVICES","RFENDPOINTPROPERTIES",73,"MTRPRGVERSN2","VARCHAR2",20,,,"Y"
"CENTRALSERVICES","RFENDPOINTPROPERTIES",74,"RELAYPRESENTMASK","NUMBER",22,,,"Y"
"CENTRALSERVICES","RFENDPOINTPROPERTIES",75,"HWCAPABILITYPARAMS","VARCHAR2",1000,,,"Y"
"CENTRALSERVICES","RFENDPOINTPROPERTIES",76,"BOOTFIRMWAREVERSION","VARCHAR2",50,,,"Y"
"CENTRALSERVICES","RFENDPOINTPROPERTIES",77,"PCBAHARDWAREVERSION","VARCHAR2",50,,,"Y"
"CENTRALSERVICES","RFENDPOINTPROPERTIES",78,"HIGHPOWERMODE","VARCHAR2",50,,,"Y"
"CENTRALSERVICES","RFENDPOINTPROPERTIES",79,"RIGHTSIZINGMODE","VARCHAR2",50,,,"Y"
"CENTRALSERVICES","RFENDPOINTPROPERTIES",80,"STATICCRCDATA","VARCHAR2",50,,,"Y"
"CENTRALSERVICES","RFENDPOINTPROPERTIES",81,"ADDRESSINGMECHANISM","VARCHAR2",20,,,"Y"
"CENTRALSERVICES","RFENDPOINTPROPERTIES",82,"TARGETMARKET","VARCHAR2",20,,,"Y"
"CENTRALSERVICES","RFENDPOINTPROPERTIES",83,"DVCCAPATTRS","CLOB",4000,,,"Y"
"CENTRALSERVICES","RFENDPOINTPROPERTIES",84,"LASTSUCCESSEVNTRSPNSEDTM","TIMESTAMP(6)",11,,6,"Y"
"CENTRALSERVICES","RFENDPOINTPROPERTIES",85,"GAPCLTNATTRID","NUMBER",22,3,0,"Y"
"CENTRALSERVICES","RFENDPOINTPROPERTIES",86,"ISMODULECHANGEOUTINPROGRESS","NUMBER",22,1,0,"N"
"CENTRALSERVICES","RFENDPOINTPROPERTIES",87,"MODEMFIRMWAREVERSION","VARCHAR2",50,,,"Y"
"CENTRALSERVICES","RFENDPOINTPROPERTIES",88,"METERPROGRAMIDS","CLOB",4000,,,"Y"
"CENTRALSERVICES","RFENDPOINTPROPERTIES",89,"COMMISSIONINGCODE","VARCHAR2",20,,,"Y"
"CENTRALSERVICES","RFENDPOINTPROPERTIES",90,"HEATSENSECONFIGURATIONID","NUMBER",22,10,0,"Y"
"CENTRALSERVICES","RFENDPOINTPROPERTIES",91,"WIFICONNECTIONSTATUSID","NUMBER",22,3,0,"Y"
"CENTRALSERVICES","RFENDPOINTPROPERTIES",92,"WIFISTATUSUPDATEDUTCDTM","DATE",7,,,"Y"
"CENTRALSERVICES","RFENDPOINTPROPERTIES",93,"REV7ACTIVATIONDATE","DATE",7,,,"Y"
"CENTRALSERVICES","RFENDPOINTPROPERTIES",94,"METERDISCOVERYPUSHSENTFLAG","NUMBER",22,1,0,"Y"
"CENTRALSERVICES","RFENDPOINTPROPERTIES",95,"ACCESSPOINTNAME","NVARCHAR2",510,,,"Y"
"CENTRALSERVICES","RFENDPOINTPROPERTIES",96,"ROUTEIOTACTIVATIONSTATUS","NUMBER",22,1,0,"Y"
"CENTRALSERVICES","RFENDPOINTPROPERTIES",97,"ROUTEIOTSTATUSCHANGEDATE","DATE",7,,,"Y"
"CENTRALSERVICES","RFENDPOINTPROPERTIES",98,"LASTRSSI","NUMBER",22,10,0,"Y"
"CENTRALSERVICES","RFENDPOINTPROPERTIES",99,"LASTCERTOPUPDDTM","DATE",7,,,"Y"
"CENTRALSERVICES","RFENDPOINTPROPERTIES",100,"STAGINGCERTID","NUMBER",22,10,0,"Y"
"CENTRALSERVICES","RFENDPOINTPROPERTIES",101,"DEVICEGENID","NUMBER",22,3,0,"N"
"CENTRALSERVICES","RSSDEVICES",1,"RSSDEVICEID","NUMBER",22,10,0,"N"
"CENTRALSERVICES","RSSDEVICES",2,"ENDPOINTID","NUMBER",22,10,0,"N"
"CENTRALSERVICES","RSSDEVICES",3,"PENDINGCOMMAND","NUMBER",22,1,0,"N"
"CENTRALSERVICES","RSSDEVICES",4,"COMMANDLOGID","NUMBER",22,10,0,"Y"
"CENTRALSERVICES","RSSDEVICES",5,"STATUSCODEID","NUMBER",22,3,0,"N"
"CENTRALSERVICES","RSSDEVICES",6,"LASTSTATUSCHANGED","TIMESTAMP(6)",11,,6,"N"
"CENTRALSERVICES","RSSDEVICES",7,"ARMED","NUMBER",22,1,0,"N"
"CENTRALSERVICES","RSSDEVICES",8,"TRANSMITAFTERDISCONNECT","NUMBER",22,1,0,"N"
"CENTRALSERVICES","RSSDEVICES",9,"ARMOPTIONS","NUMBER",22,3,0,"Y"
"CENTRALSERVICES","RSSDEVICES",10,"VTENABLED","NUMBER",22,1,0,"Y"
"CENTRALSERVICES","RSSDEVICES",11,"CTENABLED","NUMBER",22,1,0,"Y"
"CENTRALSERVICES","SERVICELOCATIONS",1,"SERVICELOCATIONID","NUMBER",22,10,0,"N"
"CENTRALSERVICES","SERVICELOCATIONS",2,"SERVLOC","NVARCHAR2",200,,,"Y"
"CENTRALSERVICES","SERVICELOCATIONS",3,"ADDRESSID","NUMBER",22,10,0,"Y"
"CENTRALSERVICES","SERVICELOCATIONS",4,"CUSTOMERID","NUMBER",22,10,0,"Y"
"CENTRALSERVICES","SERVICELOCATIONS",5,"PREMISEID","NUMBER",22,10,0,"Y"
"CENTRALSERVICES","SERVICELOCATIONS",6,"EALOCATION","NVARCHAR2",200,,,"Y"
"CENTRALSERVICES","SERVICELOCATIONS",7,"GRIDLOCATION","NVARCHAR2",100,,,"Y"
"CENTRALSERVICES","SERVICELOCATIONS",8,"POLENO","NVARCHAR2",40,,,"Y"
"CENTRALSERVICES","SERVICELOCATIONS",9,"FEEDER","NVARCHAR2",100,,,"Y"
"CENTRALSERVICES","SERVICELOCATIONS",10,"REVENUECLASS","NVARCHAR2",100,,,"Y"
"CENTRALSERVICES","SERVICELOCATIONS",11,"BILLINGCYCLENAME","NVARCHAR2",100,,,"Y"
"CENTRALSERVICES","SERVICELOCATIONS",12,"DESCRIPTION","NVARCHAR2",400,,,"Y"
"CENTRALSERVICES","SERVICELOCATIONS",13,"METERPOSITION","NVARCHAR2",510,,,"Y"
"CENTRALSERVICES","SERVICELOCATIONS",14,"GPSLOCATIONID","NUMBER",22,10,0,"Y"
"CENTRALSERVICES","SERVICELOCATIONS",15,"LOCATIONID","NUMBER",22,10,0,"Y"
"CENTRALSERVICES","SERVICELOCATIONS",16,"TIMEZONECODE","NUMBER",22,10,0,"Y"
"CENTRALSERVICES","STATUSCODES",1,"STATUSCODEID","NUMBER",22,3,0,"N"
"CENTRALSERVICES","STATUSCODES",2,"NAME","VARCHAR2",20,,,"Y"
"CENTRALSERVICES","STATUSCODES",3,"OBJECTTYPEID","NUMBER",22,10,0,"N"
"CENTRALSERVICES","STATUSCODES",4,"PARENTSTATE","NUMBER",22,10,0,"N"
"CENTRALSERVICES","STATUSCODES",5,"PRIORITY","NUMBER",22,10,0,"N"
"CENTRALSERVICES","STATUSCODES",6,"NOTES","VARCHAR2",255,,,"Y"
"CENTRALSERVICES","STATUSCODES",7,"DISPLAYCODE","VARCHAR2",16,,,"Y"
"CENTRALSERVICES","STATUSCODES",8,"MSODDEVICESTATUS","NUMBER",22,3,0,"Y"
"CENTRALSERVICES","USERROLE",1,"USERID","NUMBER",22,10,0,"N"
"CENTRALSERVICES","USERROLE",2,"ROLEID","NUMBER",22,10,0,"N"
"CENTRALSERVICES","USERS",1,"USERID","NUMBER",22,10,0,"N"
"CENTRALSERVICES","USERS",2,"ORGANIZATIONID","NUMBER",22,10,0,"Y"
"CENTRALSERVICES","USERS",3,"LOGINUSER","NVARCHAR2",100,,,"N"
"CENTRALSERVICES","USERS",4,"PASSWORD","NVARCHAR2",100,,,"Y"
"CENTRALSERVICES","USERS",5,"FIRSTNAME","NVARCHAR2",100,,,"Y"
"CENTRALSERVICES","USERS",6,"LASTNAME","NVARCHAR2",100,,,"Y"
"CENTRALSERVICES","USERS",7,"PHONE","VARCHAR2",50,,,"Y"
"CENTRALSERVICES","USERS",8,"PAGER","VARCHAR2",50,,,"Y"
"CENTRALSERVICES","USERS",9,"EMAIL","NVARCHAR2",100,,,"Y"
"CENTRALSERVICES","USERS",10,"LOCKOUT","NUMBER",22,1,0,"N"
"CENTRALSERVICES","USERS",11,"LOGINATTEMPTS","NUMBER",22,3,0,"N"
"CENTRALSERVICES","USERS",12,"NOTES","NVARCHAR2",510,,,"Y"
"CENTRALSERVICES","USERS",13,"SYSTEMUSER","NUMBER",22,1,0,"N"
"CENTRALSERVICES","USERS",14,"ARCHIVE","NUMBER",22,1,0,"N"
"CENTRALSERVICES","USERS",15,"LASTPWDCHANGE","TIMESTAMP(6)",11,,6,"N"
"CENTRALSERVICES","USERS",16,"SPECIALLOGIN","NUMBER",22,1,0,"N"
"CENTRALSERVICES","USERS",17,"SHOWHIDDENSCREENSDISABLED","NUMBER",22,1,0,"N"
"CENTRALSERVICES","USERS",18,"NTFCTNADDRTXT","NVARCHAR2",510,,,"Y"
"CENTRALSERVICES","USERS",19,"NTFCTNUSERNM","NVARCHAR2",100,,,"Y"
"CENTRALSERVICES","USERS",20,"NTFCTNPWDTXT","NVARCHAR2",100,,,"Y"
"CENTRALSERVICES","USERS",21,"LASTLOGINDATE","DATE",7,,,"Y"
"CENTRALSERVICES","USERS",22,"MUTUALAUTHNCTNFLG","NUMBER",22,10,0,"Y"
"CENTRALSERVICES","USERS",23,"SBSCRBRFORMATCD","VARCHAR2",50,,,"Y"
"CENTRALSERVICES","USERS",24,"SBSCRBRRVSNCD","VARCHAR2",50,,,"Y"
"CENTRALSERVICES","USERS",25,"USERDATACD","VARCHAR2",50,,,"Y"
"CENTRALSERVICES","USERS",26,"PWDNEVEREXPIREFLG","NUMBER",22,1,0,"N"
"CENTRALSERVICES","USERS",27,"CHANGEPWDNEXTLOGINFLG","NUMBER",22,1,0,"N"
"CENTRALSERVICES","USERS",28,"MOBILEADMINPASSWORD","NVARCHAR2",100,,,"Y"
"CENTRALSERVICES","USERS",29,"ISTENANTOWNERFLG","NUMBER",22,1,0,"N"
"CENTRALSERVICES","USERS",30,"NTFCTNADDRESSRAW","NVARCHAR2",510,,,"Y"
"CENTRALSERVICES","USERS",31,"NTFCTNUSERNAMERAW","NVARCHAR2",510,,,"Y"
"CENTRALSERVICES","USERS",32,"NTFCTNPASSWORDRAW","NVARCHAR2",510,,,"Y"
